native_id	native_name	project_id	legacy_order	civilian
0	丞相	丞相	76	true
1	司空	司空	77	true
2	太尉	太尉	78	true
3	司徒	司徒	79	true
4	大都督	大都督	36	false
5	衛將軍	卫将军	37	false
6	驃騎將軍	骠骑将军	38	false
7	車騎將軍	车骑将军	39	false
8	光祿勳	光禄勋	72	true
9	大司農	大司农	73	true
10	廷尉	廷尉	74	true
11	衛尉	卫尉	75	true
12	征東將軍	征东将军	32	false
13	征南將軍	征南将军	34	false
14	征西將軍	征西将军	33	false
15	征北將軍	征北将军	35	false
16	尚書令	尚书令	68	true
17	太僕	太仆	69	true
18	太常	太常	70	true
19	大鴻臚	大鸿胪	71	true
20	鎮東將軍	镇东将军	28	false
21	鎮南將軍	镇南将军	30	false
22	鎮西將軍	镇西将军	29	false
23	鎮北將軍	镇北将军	31	false
24	中書令	中书令	64	true
25	御史中丞	御史中丞	65	true
26	執金吾	执金吾	66	true
27	少府	少府	67	true
28	安東將軍	安东将军	24	false
29	安南將軍	安南将军	26	false
30	安西將軍	安西将军	25	false
31	安北將軍	安北将军	27	false
32	秘書令	秘书令	60	true
33	侍中	侍中	61	true
34	留府長史	留府长史	62	true
35	太學博士	太学博士	63	true
36	左將軍	左将军	20	false
37	右將軍	右将军	21	false
38	前將軍	前将军	22	false
39	後將軍	后将军	23	false
40	謁者僕射	谒者仆射	56	true
41	都尉	都尉	57	true
42	黃門侍郎	黄门侍郎	58	true
43	太史令	太史令	59	true
44	軍師將軍	军师将军	16	false
45	安國將軍	安国将军	17	false
46	破虜將軍	破虏将军	18	false
47	討逆將軍	讨逆将军	19	false
48	郎中	郎中	52	true
49	從事中郎	从事中郎	53	true
50	長史	长史	54	true
51	司馬	司马	55	true
52	平東將軍	平东将军	12	false
53	平南將軍	平南将军	14	false
54	平西將軍	平西将军	13	false
55	平北將軍	平北将军	15	false
56	太樂令	太乐令	48	true
57	大倉令	大仓令	49	true
58	武庫令	武库令	50	true
59	衛士令	卫士令	51	true
60	牙門將軍	牙门将军	8	false
61	護軍	护军	9	false
62	偏將軍	偏将军	10	false
63	裨將軍	裨将军	11	false
64	主簿	主簿	44	true
65	諫議大夫	谏议大夫	45	true
66	侍郎	侍郎	46	true
67	中郎	中郎	47	true
68	忠義校尉	忠义校尉	4	false
69	昭信校尉	昭信校尉	5	false
70	儒林校尉	儒林校尉	6	false
71	建議校尉	建议校尉	7	false
72	左僕射	左仆射	40	true
73	右僕射	右仆射	41	true
74	典農校尉	典农校尉	42	true
75	議郎	议郎	43	true
76	奮威校尉	奋威校尉	0	false
77	長水校尉	长水校尉	1	false
78	破賊校尉	破贼校尉	2	false
79	武衛校尉	武卫校尉	3	false
80	無	-	-1	false
