stage,overall,open_gate,source_report
R00,PARTIAL,冷启动/故障矩阵,../../reports/R00.md
R01,PARTIAL,异步解码/生命周期全矩阵,../../reports/R01.md
R02,PARTIAL,真实输入全矩阵,../../reports/R02.md
R03,PARTIAL,山脊/LOD动态美术,../../reports/R03.md
R04,PARTIAL,V1材质与PC对照,../../reports/R04.md
R05,PARTIAL,阶梯岸线/船行,../../reports/R05.md
R06,PARTIAL,后台纹理与故障矩阵,../../reports/R06.md
R07,PARTIAL,建筑/入口/斜坡美术,../../reports/R07.md
R08,PARTIAL,林缘/栈道/动态遮挡,../../reports/R08.md
R09,PARTIAL,V2不合格,../../reports/R09.md
R10,PARTIAL,全兵种LOD/动作美术,../../reports/R10.md
R11,PARTIAL,全部事件与播放矩阵,../../reports/R11.md
R12,PARTIAL,完整触控/全国预览,../../reports/R12.md
R13,PARTIAL,编辑/SAF/旧档全流程,../../reports/R13.md
R14,PARTIAL,季节/阴影时序/PC匹配,../../reports/R14.md
R15,PARTIAL,V3全国合格覆盖,../../reports/R15.md
R16,PARTIAL,真机30分钟/呈现/温控,../../reports/R16.md
R17,PARTIAL,完整功能与发布安全,../../reports/R17.md
R18,PARTIAL,V4/全流程/设备/交付闭合,../../reports/R18.md
