id,source,line,call,expression,runtime,evidence
UI-0001,app/src/main/java/game/sanguo/mobile/AbilityUi.java,13,setPositiveButton,"""返回"",null).show()",NOT_RUN,Source inventory only; see grouped matrix for scoped executions
UI-0002,app/src/main/java/game/sanguo/mobile/AbilityUi.java,14,setPositiveButton,"""执行"",(d,n)->run.run()).setNegativeButton(""取消"",null).show()",NOT_RUN,Source inventory only; see grouped matrix for scoped executions
UI-0003,app/src/main/java/game/sanguo/mobile/AbilityUi.java,48,setPositiveButton,"""返回"",null)",NOT_RUN,Source inventory only; see grouped matrix for scoped executions
UI-0004,app/src/main/java/game/sanguo/mobile/AbilityUi.java,49,setNeutralButton,"""中止研究"",(d,i)->confirm(""中止能力研究"",""已付金与行动力不退还。"",()->apply.execute(w,()->w.abilities.cancelResearch(city.owner))))",NOT_RUN,Source inventory only; see grouped matrix for scoped executions
UI-0005,app/src/main/java/game/sanguo/mobile/AbilityUi.java,50,setNegativeButton,"""中止培养"",(d,i)->choose(""中止培养"",own,t->w.officer(t.officerId).name+"" · ""+t.label(),t->confirm(""中止培养"",""本次未完成，不消耗培养次数；行动力不退还。"",()->apply.execute(w,()->w.abilities.cancelTraining(t.officerId)))))",NOT_RUN,Source inventory only; see grouped matrix for scoped executions
UI-0006,app/src/main/java/game/sanguo/mobile/ArmyUi.java,15,setPositiveButton,"""返回"",null).show()",NOT_RUN,Source inventory only; see grouped matrix for scoped executions
UI-0007,app/src/main/java/game/sanguo/mobile/ArmyUi.java,34,setItems,"labels.toArray(new String[0]),(d,index)->{",NOT_RUN,Source inventory only; see grouped matrix for scoped executions
UI-0008,app/src/main/java/game/sanguo/mobile/ArmyUi.java,41,setNegativeButton,"""取消"",null).show()",NOT_RUN,Source inventory only; see grouped matrix for scoped executions
UI-0009,app/src/main/java/game/sanguo/mobile/ArmyUi.java,50,setItems,"new String[]{w.officer(b.officerId).name+"" · 部队"",c.name+"" · 据点""},(d,i)->{if(i==0)field.run()",NOT_RUN,Source inventory only; see grouped matrix for scoped executions
UI-0010,app/src/main/java/game/sanguo/mobile/ArmyUi.java,50,setNegativeButton,"""取消"",null).show()",NOT_RUN,Source inventory only; see grouped matrix for scoped executions
UI-0011,app/src/main/java/game/sanguo/mobile/BattleReportUi.java,33,button,"""再显示80条"",v->{visible+=80",NOT_RUN,Source inventory only; see grouped matrix for scoped executions
UI-0012,app/src/main/java/game/sanguo/mobile/BattleReportUi.java,35,setPositiveButton,"""返回地图"",null).setNeutralButton(""刷新"",null).create()",NOT_RUN,Source inventory only; see grouped matrix for scoped executions
UI-0013,app/src/main/java/game/sanguo/mobile/BattleReportUi.java,65,setPositiveButton,"""返回战报"",null)",NOT_RUN,Source inventory only; see grouped matrix for scoped executions
UI-0014,app/src/main/java/game/sanguo/mobile/BattleReportUi.java,66,setNeutralButton,"""定位地图"",(d,i)->{if(a.currentWorld(w)){dialog.dismiss()",NOT_RUN,Source inventory only; see grouped matrix for scoped executions
UI-0015,app/src/main/java/game/sanguo/mobile/CampaignUi.java,13,setPositiveButton,"""返回"",null).show()",NOT_RUN,Source inventory only; see grouped matrix for scoped executions
UI-0016,app/src/main/java/game/sanguo/mobile/CampaignUi.java,14,setPositiveButton,"""执行"",(d,n)->action.run()).setNegativeButton(""取消"",null).show()",NOT_RUN,Source inventory only; see grouped matrix for scoped executions
UI-0017,app/src/main/java/game/sanguo/mobile/CampaignUi.java,21,setItems,"commands,(d,index)->{",NOT_RUN,Source inventory only; see grouped matrix for scoped executions
UI-0018,app/src/main/java/game/sanguo/mobile/CampaignUi.java,28,setNegativeButton,"""返回"",null).show()",NOT_RUN,Source inventory only; see grouped matrix for scoped executions
UI-0019,app/src/main/java/game/sanguo/mobile/CampaignUi.java,37,setItems,"new String[]{""买粮 · 每1000粮 / 金""+w.campaign.foodPrice(c.id,true),""卖粮 · 每1000粮 / 金""+w.campaign.foodPrice(c.id,false)},(d,index)->{",NOT_RUN,Source inventory only; see grouped matrix for scoped executions
UI-0020,app/src/main/java/game/sanguo/mobile/CampaignUi.java,40,setNegativeButton,"""返回"",null).show()",NOT_RUN,Source inventory only; see grouped matrix for scoped executions
UI-0021,app/src/main/java/game/sanguo/mobile/CampaignUi.java,57,setPositiveButton,"""返回"",null)",NOT_RUN,Source inventory only; see grouped matrix for scoped executions
UI-0022,app/src/main/java/game/sanguo/mobile/CampaignUi.java,58,setNeutralButton,"""中止任务"",(d,n)->{",NOT_RUN,Source inventory only; see grouped matrix for scoped executions
UI-0023,app/src/main/java/game/sanguo/mobile/ContentUi.java,27,button,"titles[Arrays.asList(kinds).indexOf(state.contentKind)],v->new AlertDialog.Builder(a).setTitle(""资料分类"").setItems(titles,(d,i)->{state.contentKind=kinds[i]",NOT_RUN,Source inventory only; see grouped matrix for scoped executions
UI-0024,app/src/main/java/game/sanguo/mobile/ContentUi.java,27,setNegativeButton,"""取消"",null).show()),new LinearLayout.LayoutParams(0,-1,1))",NOT_RUN,Source inventory only; see grouped matrix for scoped executions
UI-0025,app/src/main/java/game/sanguo/mobile/ContentUi.java,28,button,"""据点分布预览"",v->preview()),new LinearLayout.LayoutParams(0,-1,1))",NOT_RUN,Source inventory only; see grouped matrix for scoped executions
UI-0026,app/src/main/java/game/sanguo/mobile/ContentUi.java,50,setNegativeButton,"""返回"",null)",NOT_RUN,Source inventory only; see grouped matrix for scoped executions
UI-0027,app/src/main/java/game/sanguo/mobile/ContentUi.java,55,setPositiveButton,"""当前武将"",(d,n)->a.officerDetail(actual))",NOT_RUN,Source inventory only; see grouped matrix for scoped executions
UI-0028,app/src/main/java/game/sanguo/mobile/ContentUi.java,56,setPositiveButton,"""加入局面"",(d,n)->addOfficer(o))",NOT_RUN,Source inventory only; see grouped matrix for scoped executions
UI-0029,app/src/main/java/game/sanguo/mobile/ContentUi.java,74,setNegativeButton,"""取消"",null).setPositiveButton(""预览"",(d,n)->{",NOT_RUN,Source inventory only; see grouped matrix for scoped executions
UI-0030,app/src/main/java/game/sanguo/mobile/ContentUi.java,76,setNegativeButton,"""返回"",null)",NOT_RUN,Source inventory only; see grouped matrix for scoped executions
UI-0031,app/src/main/java/game/sanguo/mobile/ContentUi.java,77,setPositiveButton,"""确认加入"",(p,b)->a.applyResult(w,()->w.editor.apply(draft)))",NOT_RUN,Source inventory only; see grouped matrix for scoped executions
UI-0032,app/src/main/java/game/sanguo/mobile/ContentUi.java,86,setPositiveButton,"""返回"",null).show()",NOT_RUN,Source inventory only; see grouped matrix for scoped executions
UI-0033,app/src/main/java/game/sanguo/mobile/ContentUi.java,89,setNegativeButton,"""返回"",null).create()",NOT_RUN,Source inventory only; see grouped matrix for scoped executions
UI-0034,app/src/main/java/game/sanguo/mobile/ContestUi.java,18,setPositiveButton,"""执行"",(d,n)->action.run()).setNegativeButton(""取消"",null).show()",NOT_RUN,Source inventory only; see grouped matrix for scoped executions
UI-0035,app/src/main/java/game/sanguo/mobile/ContestUi.java,19,setPositiveButton,"""返回"",null).show()",NOT_RUN,Source inventory only; see grouped matrix for scoped executions
UI-0036,app/src/main/java/game/sanguo/mobile/ContestUi.java,24,setItems,"labels,(d,n)->{",NOT_RUN,Source inventory only; see grouped matrix for scoped executions
UI-0037,app/src/main/java/game/sanguo/mobile/ContestUi.java,26,setNegativeButton,"""取消"",null).show()",NOT_RUN,Source inventory only; see grouped matrix for scoped executions
UI-0038,app/src/main/java/game/sanguo/mobile/ContestUi.java,37,button,"LinearLayout panel,String text,boolean enabled,Runnable action){",NOT_RUN,Source inventory only; see grouped matrix for scoped executions
UI-0039,app/src/main/java/game/sanguo/mobile/ContestUi.java,51,button,"panel,move.label+(move.cost>0?"" · 斗志""+move.cost:""""),error==null,()->apply.execute(w,()->w.contests.duelMove(id,revision,Duel.Stance.values()[stance.getSelectedItemPosition()],move,-1)))",NOT_RUN,Source inventory only; see grouped matrix for scoped executions
UI-0040,app/src/main/java/game/sanguo/mobile/ContestUi.java,55,button,"panel,""换将 · ""+w.officer(f.officerId()).name+(f.joined()?"" · 体力""+f.hp():"" · 等待支援""),d.moveError(w,Duel.Move.SWAP,index)==null,()->apply.execute(w,()->w.contests.duelMove(id,revision,Duel.Stance.values()",NOT_RUN,Source inventory only; see grouped matrix for scoped executions
UI-0041,app/src/main/java/game/sanguo/mobile/ContestUi.java,57,button,"panel,""认输并结束单挑"",true,()->confirm(""认输"",""当前上阵武将直接判负，按败北处置；这不是退却。"",()->apply.execute(w,()->w.contests.concede(id,revision))))",NOT_RUN,Source inventory only; see grouped matrix for scoped executions
UI-0042,app/src/main/java/game/sanguo/mobile/ContestUi.java,58,button,"panel,""单挑规则"",true,()->info(""单挑规则"",""重视攻击：伤害提高，防御与蓄气较弱。\n重视防御：降低伤害，可格挡和完全防御。\n重视斗志：更快蓄气，可额外获得100斗志。\n重视一击：偶尔重击。\n急所使对手负伤，无双清除强化；暗器与伪退需携物且每场一次，伪退需15合。\n支援者到场后可换将，体力与斗志分别保留。""))",NOT_RUN,Source inventory only; see grouped matrix for scoped executions
UI-0043,app/src/main/java/game/sanguo/mobile/ContestUi.java,71,button,"panel,""结算外交结果"",true,()->apply.execute(w,()->w.contests.finishDebate(id,revision,true)))",NOT_RUN,Source inventory only; see grouped matrix for scoped executions
UI-0044,app/src/main/java/game/sanguo/mobile/ContestUi.java,72,button,"panel,""留情 · 技巧+50"",true,()->apply.execute(w,()->w.contests.finishDebate(id,revision,true)))",NOT_RUN,Source inventory only; see grouped matrix for scoped executions
UI-0045,app/src/main/java/game/sanguo/mobile/ContestUi.java,72,button,"panel,""乘胜追问 · 尝试提升智力"",true,()->apply.execute(w,()->w.contests.finishDebate(id,revision,false)))",NOT_RUN,Source inventory only; see grouped matrix for scoped executions
UI-0046,app/src/main/java/game/sanguo/mobile/ContestUi.java,73,button,"panel,""结算结果"",true,()->apply.execute(w,()->w.contests.finishDebate(id,revision,true)))",NOT_RUN,Source inventory only; see grouped matrix for scoped executions
UI-0047,app/src/main/java/game/sanguo/mobile/ContestUi.java,77,button,"panel,""出牌 · ""+card.label(),d.cardError(i)==null,()->apply.execute(w,()->w.contests.debateCard(id,revision,index)))",NOT_RUN,Source inventory only; see grouped matrix for scoped executions
UI-0048,app/src/main/java/game/sanguo/mobile/ContestUi.java,79,button,"panel,""再考 · 更换全部手牌"",d.speaker(0).canRethink(),()->apply.execute(w,()->w.contests.rethink(id,revision)))",NOT_RUN,Source inventory only; see grouped matrix for scoped executions
UI-0049,app/src/main/java/game/sanguo/mobile/ContestUi.java,80,button,"panel,""认输并结束舌战"",true,()->confirm(""认输"",s.diplomatic()?""协定未成立，出使费用不会返还。"":""登用失败，已经消耗的金与行动不会返还。"",()->apply.execute(w,()->w.contests.concede(id,revision))))",NOT_RUN,Source inventory only; see grouped matrix for scoped executions
UI-0050,app/src/main/java/game/sanguo/mobile/ContestUi.java,81,button,"panel,""舌战规则"",true,()->info(""舌战规则"",""本话题优先；相同话题大＞中＞小。\n无视＞大喝＞诡辩＞话题＞镇静＞逆上。\n镇静与逆上承伤后生效；留在手中可自动反制憤激。\n冷静：增强出牌、封印对方话术，每合可再考。\n刚胆：除无视、大喝外压过对方牌。\n小心：打出手中全部话题牌。\n莽撞：爆发心理伤害。\n再考通常需心理台阶下降才恢复。""))",NOT_RUN,Source inventory only; see grouped matrix for scoped executions
UI-0051,app/src/main/java/game/sanguo/mobile/CustomOfficerActivity.java,27,setPositiveButton,"""返回"",null).show()",NOT_RUN,Source inventory only; see grouped matrix for scoped executions
UI-0052,app/src/main/java/game/sanguo/mobile/CustomOfficerActivity.java,30,button,"String text,Runnable action){Button b=CompactButtons.create(this)",NOT_RUN,Source inventory only; see grouped matrix for scoped executions
UI-0053,app/src/main/java/game/sanguo/mobile/CustomOfficerActivity.java,37,button,"""新建武将"",()->{try{edit(CustomOfficerLibrary.definition(new Editor.Template(""新武将"",new int[]{70,70,70,70,70},new int[]{1,1,1,1,1,1},World.Sex.MALE,""none"",Debate.Temper.CALM,0)))",NOT_RUN,Source inventory only; see grouped matrix for scoped executions
UI-0054,app/src/main/java/game/sanguo/mobile/CustomOfficerActivity.java,37,button,"""历史复制 / 覆盖"",this::historical))",NOT_RUN,Source inventory only; see grouped matrix for scoped executions
UI-0055,app/src/main/java/game/sanguo/mobile/CustomOfficerActivity.java,38,button,"""恢复未完成草稿"",()->{try{JSONObject saved=new JSONObject(draft)",NOT_RUN,Source inventory only; see grouped matrix for scoped executions
UI-0056,app/src/main/java/game/sanguo/mobile/CustomOfficerActivity.java,42,button,"""导入数据包"",()->startActivityForResult(new Intent(Intent.ACTION_OPEN_DOCUMENT).addCategory(Intent.CATEGORY_OPENABLE).setType(""*/*""),IMPORT)),button(""导出 / 分享"",this::exportPack),button(""剧本投放"",this::chooseSc",NOT_RUN,Source inventory only; see grouped matrix for scoped executions
UI-0057,app/src/main/java/game/sanguo/mobile/CustomOfficerActivity.java,42,button,"""返回游戏"",this::finish))",NOT_RUN,Source inventory only; see grouped matrix for scoped executions
UI-0058,app/src/main/java/game/sanguo/mobile/CustomOfficerActivity.java,47,button,"o.getString(""name"")+"" · ""+(o.optInt(""targetId"",-1)<0?""自定义"":""历史覆盖"")+"" · r""+o.getInt(""revision"")+""\n""+o.getJSONArray(""stats"")+"" · ""+id.substring(0,8),()->actions(o))",NOT_RUN,Source inventory only; see grouped matrix for scoped executions
UI-0059,app/src/main/java/game/sanguo/mobile/CustomOfficerActivity.java,51,setPositiveButton,"""复制为新人物"",(d,n)->fromHistory(o,false)).setNeutralButton(""创建历史覆盖"",(d,n)->fromHistory(o,true)).setNegativeButton(""取消"",null).show())",NOT_RUN,Source inventory only; see grouped matrix for scoped executions
UI-0060,app/src/main/java/game/sanguo/mobile/CustomOfficerActivity.java,54,setItems,"new String[]{""编辑模板"",""复制（不继承人物关系）"",""删除模板 / 处理引用""},(d,n)->{try{if(n==0)edit(o)",NOT_RUN,Source inventory only; see grouped matrix for scoped executions
UI-0061,app/src/main/java/game/sanguo/mobile/CustomOfficerActivity.java,54,setNegativeButton,"""取消"",null).show()",NOT_RUN,Source inventory only; see grouped matrix for scoped executions
UI-0062,app/src/main/java/game/sanguo/mobile/CustomOfficerActivity.java,59,setPositiveButton,"refs.isEmpty()?""删除"":""明确清理引用并删除"",(d,n)->{try{",NOT_RUN,Source inventory only; see grouped matrix for scoped executions
UI-0063,app/src/main/java/game/sanguo/mobile/CustomOfficerActivity.java,62,setNegativeButton,"""取消"",null).show()",NOT_RUN,Source inventory only; see grouped matrix for scoped executions
UI-0064,app/src/main/java/game/sanguo/mobile/CustomOfficerActivity.java,66,button,"titles[i],()->{try{capture()",NOT_RUN,Source inventory only; see grouped matrix for scoped executions
UI-0065,app/src/main/java/game/sanguo/mobile/CustomOfficerActivity.java,67,button,"""保存并配置剧本投放"",()->save(true)))",NOT_RUN,Source inventory only; see grouped matrix for scoped executions
UI-0066,app/src/main/java/game/sanguo/mobile/CustomOfficerActivity.java,68,button,"""保存模板"",()->save(false)),button(""草稿返回"",()->{persistDraft()",NOT_RUN,Source inventory only; see grouped matrix for scoped executions
UI-0067,app/src/main/java/game/sanguo/mobile/CustomOfficerActivity.java,74,button,"""内置头像"",()->{List<Integer> values=new ArrayList<>()",NOT_RUN,Source inventory only; see grouped matrix for scoped executions
UI-0068,app/src/main/java/game/sanguo/mobile/CustomOfficerActivity.java,74,button,"""手机图片"",()->{try{capture()",NOT_RUN,Source inventory only; see grouped matrix for scoped executions
UI-0069,app/src/main/java/game/sanguo/mobile/CustomOfficerActivity.java,74,button,"""默认头像"",()->{put(""portrait"","""")",NOT_RUN,Source inventory only; see grouped matrix for scoped executions
UI-0070,app/src/main/java/game/sanguo/mobile/CustomOfficerActivity.java,80,button,"""−1"",()->increment(number,-1)),button(""+1"",()->increment(number,1)),button(""+10"",()->increment(number,10)))",NOT_RUN,Source inventory only; see grouped matrix for scoped executions
UI-0071,app/src/main/java/game/sanguo/mobile/CustomOfficerActivity.java,85,button,"""搜索选择特技（单特技）"",()->{List<String> ids=new ArrayList<>()",NOT_RUN,Source inventory only; see grouped matrix for scoped executions
UI-0072,app/src/main/java/game/sanguo/mobile/CustomOfficerActivity.java,92,setPositiveButton,"""载入并覆盖"",(dlg,n)->{try{JSONArray baseline=new JSONArray()",NOT_RUN,Source inventory only; see grouped matrix for scoped executions
UI-0073,app/src/main/java/game/sanguo/mobile/CustomOfficerActivity.java,92,setNegativeButton,"""取消"",(dlg,n)->renderEditor()).show()",NOT_RUN,Source inventory only; see grouped matrix for scoped executions
UI-0074,app/src/main/java/game/sanguo/mobile/CustomOfficerActivity.java,93,button,"Relations.Kind.valueOf(l.getString(""kind"")).label+"" → ""+name+"" · 点击移除"",()->{editing.optJSONArray(""relationships"").remove(at)",NOT_RUN,Source inventory only; see grouped matrix for scoped executions
UI-0075,app/src/main/java/game/sanguo/mobile/CustomOfficerActivity.java,95,button,"""搜索添加关系对象"",()->{try{",NOT_RUN,Source inventory only; see grouped matrix for scoped executions
UI-0076,app/src/main/java/game/sanguo/mobile/CustomOfficerActivity.java,120,setPositiveButton,"""跳过同ID"",(d,n)->importPack(preview,CustomOfficerPack.Conflict.SKIP)).setNeutralButton(""更新同源"",(d,n)->confirmImport(preview,CustomOfficerPack.Conflict.UPDATE_SAME_SOURCE)).setNegativeButton(""更多 / 取消"",(d,",NOT_RUN,Source inventory only; see grouped matrix for scoped executions
UI-0077,app/src/main/java/game/sanguo/mobile/CustomOfficerActivity.java,120,setPositiveButton,"""作为新人物"",(x,y)->importPack(preview,CustomOfficerPack.Conflict.COPY)).setNegativeButton(""取消"",null).show()).show())",NOT_RUN,Source inventory only; see grouped matrix for scoped executions
UI-0078,app/src/main/java/game/sanguo/mobile/CustomOfficerActivity.java,121,setPositiveButton,"""分享"",(d,n)->{Intent share=new Intent(Intent.ACTION_SEND).setType(""application/zip"").putExtra(Intent.EXTRA_STREAM,uri).addFlags(Intent.FLAG_GRANT_READ_URI_PERMISSION)",NOT_RUN,Source inventory only; see grouped matrix for scoped executions
UI-0079,app/src/main/java/game/sanguo/mobile/CustomOfficerActivity.java,121,setNegativeButton,"""返回"",null).show())",NOT_RUN,Source inventory only; see grouped matrix for scoped executions
UI-0080,app/src/main/java/game/sanguo/mobile/CustomOfficerActivity.java,123,setPositiveButton,"""确认更新"",(d,n)->importPack(pack,policy)).setNegativeButton(""取消"",null).show()",NOT_RUN,Source inventory only; see grouped matrix for scoped executions
UI-0081,app/src/main/java/game/sanguo/mobile/CustomOfficerActivity.java,145,setNegativeButton,"""取消"",null).create()",NOT_RUN,Source inventory only; see grouped matrix for scoped executions
UI-0082,app/src/main/java/game/sanguo/mobile/CustomOfficerPlacementUi.java,15,setPositiveButton,"""返回"",null).show()",NOT_RUN,Source inventory only; see grouped matrix for scoped executions
UI-0083,app/src/main/java/game/sanguo/mobile/CustomOfficerPlacementUi.java,16,button,"String label,Runnable run){Button b=new Button(a)",NOT_RUN,Source inventory only; see grouped matrix for scoped executions
UI-0084,app/src/main/java/game/sanguo/mobile/CustomOfficerPlacementUi.java,21,button,"""添加投放人物 / 历史覆盖"",this::add))",NOT_RUN,Source inventory only; see grouped matrix for scoped executions
UI-0085,app/src/main/java/game/sanguo/mobile/CustomOfficerPlacementUi.java,21,button,"""模板库（先保存本页配置）"",()->{a.startActivity(new android.content.Intent(a,CustomOfficerActivity.class))",NOT_RUN,Source inventory only; see grouped matrix for scoped executions
UI-0086,app/src/main/java/game/sanguo/mobile/CustomOfficerPlacementUi.java,23,button,"""校验并预览实际战局"",this::preview))",NOT_RUN,Source inventory only; see grouped matrix for scoped executions
UI-0087,app/src/main/java/game/sanguo/mobile/CustomOfficerPlacementUi.java,24,setPositiveButton,"""保存配置"",null).setNegativeButton(""取消"",null).create()",NOT_RUN,Source inventory only; see grouped matrix for scoped executions
UI-0088,app/src/main/java/game/sanguo/mobile/CustomOfficerPlacementUi.java,28,button,"(d==null?""缺失人物"":d.getString(""name""))+"" · ""+CustomOfficers.Mode.valueOf(p.getString(""mode"")).label+""\n""+(c==null?""缺失据点 #""+p.getInt(""city""):c.name)+"" · ""+(p.optBoolean(""ignoreDates"")?""显式忽略年代"":""按年代校验""),(",NOT_RUN,Source inventory only; see grouped matrix for scoped executions
UI-0089,app/src/main/java/game/sanguo/mobile/CustomOfficerPlacementUi.java,28,setItems,"new String[]{""修改投放"",""移除（不删除模板）""},(dlg,n)->{try{if(n==0)edit(d,p,at)",NOT_RUN,Source inventory only; see grouped matrix for scoped executions
UI-0090,app/src/main/java/game/sanguo/mobile/CustomOfficerPlacementUi.java,39,button,"""选择有效驻地（必选）"",()->{",NOT_RUN,Source inventory only; see grouped matrix for scoped executions
UI-0091,app/src/main/java/game/sanguo/mobile/CustomOfficerPlacementUi.java,46,setPositiveButton,"""确定"",null).setNegativeButton(""取消"",null).create()",NOT_RUN,Source inventory only; see grouped matrix for scoped executions
UI-0092,app/src/main/java/game/sanguo/mobile/CustomOfficerPlacementUi.java,53,setPositiveButton,"""返回"",null).show()",NOT_RUN,Source inventory only; see grouped matrix for scoped executions
UI-0093,app/src/main/java/game/sanguo/mobile/DeployWizard.java,34,button,"names[i],v->tab(tab))",NOT_RUN,Source inventory only; see grouped matrix for scoped executions
UI-0094,app/src/main/java/game/sanguo/mobile/DeployWizard.java,41,setNegativeButton,"""取消"",(d,i)->a.closeForm()).setPositiveButton(""确认出征"",null).create()",NOT_RUN,Source inventory only; see grouped matrix for scoped executions
UI-0095,app/src/main/java/game/sanguo/mobile/DeployWizard.java,60,button,"""统率 ↓"",v->{sort=(sort+1)%5",NOT_RUN,Source inventory only; see grouped matrix for scoped executions
UI-0096,app/src/main/java/game/sanguo/mobile/DeployWizard.java,92,button,"label+""\n""+(o==null?""待选"":o.name),v->{if(o!=null&&o.id!=leader())promote(o)",NOT_RUN,Source inventory only; see grouped matrix for scoped executions
UI-0097,app/src/main/java/game/sanguo/mobile/DeployWizard.java,125,button,"role.isEmpty()?""选用"":role.equals(""主将"")?""取消"":""设主将"",v->{if(!role.isEmpty()&&!role.equals(""主将""))promote(o)",NOT_RUN,Source inventory only; see grouped matrix for scoped executions
UI-0098,app/src/main/java/game/sanguo/mobile/DiplomacyUi.java,13,setPositiveButton,"""返回"",null).show()",NOT_RUN,Source inventory only; see grouped matrix for scoped executions
UI-0099,app/src/main/java/game/sanguo/mobile/DiplomacyUi.java,17,setPositiveButton,"""执行"",(d,i)->action.run()).setNegativeButton(""取消"",null).show()",NOT_RUN,Source inventory only; see grouped matrix for scoped executions
UI-0100,app/src/main/java/game/sanguo/mobile/DiplomacyUi.java,37,setPositiveButton,"""返回"",null)",NOT_RUN,Source inventory only; see grouped matrix for scoped executions
UI-0101,app/src/main/java/game/sanguo/mobile/DiplomacyUi.java,38,setNeutralButton,"""结束援军"",(d,i)->confirm(""结束援军"",null,""援军将返回盟军据点，已交付礼金不退还。"",()->apply.execute(w,()->w.diplomacy.cancelAid(x.source))))",NOT_RUN,Source inventory only; see grouped matrix for scoped executions
UI-0102,app/src/main/java/game/sanguo/mobile/DomesticUi.java,17,setPositiveButton,"""返回"",null).show()",NOT_RUN,Source inventory only; see grouped matrix for scoped executions
UI-0103,app/src/main/java/game/sanguo/mobile/DomesticUi.java,43,setPositiveButton,"""完成"",(dlg,i)->update[0].run()).setNegativeButton(""清空"",(dlg,i)->{Arrays.fill(selected,false)",NOT_RUN,Source inventory only; see grouped matrix for scoped executions
UI-0104,app/src/main/java/game/sanguo/mobile/DomesticUi.java,59,button,"""兵装和舰船货物 · 展开 / 收起"",v->{boolean open=advanced.getVisibility()!=android.view.View.VISIBLE",NOT_RUN,Source inventory only; see grouped matrix for scoped executions
UI-0105,app/src/main/java/game/sanguo/mobile/DomesticUi.java,61,setPositiveButton,"""发送"",null).setNegativeButton(""取消"",(x,n)->activity.closeForm()).create()",NOT_RUN,Source inventory only; see grouped matrix for scoped executions
UI-0106,app/src/main/java/game/sanguo/mobile/DomesticUi.java,94,setItems,"labels.toArray(new String[0]),(d,i)->actions.get(i).run()).setNegativeButton(""返回"",null).show()",NOT_RUN,Source inventory only; see grouped matrix for scoped executions
UI-0107,app/src/main/java/game/sanguo/mobile/DomesticUi.java,98,setNegativeButton,"""返回"",null)",NOT_RUN,Source inventory only; see grouped matrix for scoped executions
UI-0108,app/src/main/java/game/sanguo/mobile/DomesticUi.java,100,setPositiveButton,"""取消建设"",(d,n)->confirm(""取消建设"",""不会退还建设费用，本旬不能重复使用武将。"",""确定取消"",()->apply.execute(w,()->w.domestic.cancelBuild(f.id))))",NOT_RUN,Source inventory only; see grouped matrix for scoped executions
UI-0109,app/src/main/java/game/sanguo/mobile/DomesticUi.java,101,setPositiveButton,"""拆除"",(d,n)->officer(c,o->confirm(""拆除设施"",""需要一名闲置武将与行动力10，不退还费用。"",""确定拆除"",()->apply.execute(w,()->w.domestic.demolish(f.id,o.id)))))",NOT_RUN,Source inventory only; see grouped matrix for scoped executions
UI-0110,app/src/main/java/game/sanguo/mobile/DomesticUi.java,112,setNegativeButton,"""返回"",null)",NOT_RUN,Source inventory only; see grouped matrix for scoped executions
UI-0111,app/src/main/java/game/sanguo/mobile/DomesticUi.java,113,setPositiveButton,"""改道 / 返回"",(dialog,n)->destination(m.owner,m.targetCity,c->confirm(""任务改道"",""改道至""+c.name+""，消耗行动力10。"",""执行"",()->apply.execute(w,()->w.domestic.redirect(m.id,c.id)))))",NOT_RUN,Source inventory only; see grouped matrix for scoped executions
UI-0112,app/src/main/java/game/sanguo/mobile/EditorUi.java,16,setPositiveButton,"""返回"",null).show()",NOT_RUN,Source inventory only; see grouped matrix for scoped executions
UI-0113,app/src/main/java/game/sanguo/mobile/EditorUi.java,19,setItems,"names,(d,n)->next.accept(values.get(n))).setNegativeButton(""返回"",null).show()",NOT_RUN,Source inventory only; see grouped matrix for scoped executions
UI-0114,app/src/main/java/game/sanguo/mobile/EditorUi.java,23,setItems,"new String[]{""编辑武将"",""编辑据点"",""编辑势力"",""编辑部队"",""编辑人物关系"",""配置宝物"",""制作新武将模板"",""已保存新武将"",""导入新武将模板"",""导出新武将模板"",""地图编辑器（独立草稿）""},(d,n)->{",NOT_RUN,Source inventory only; see grouped matrix for scoped executions
UI-0115,app/src/main/java/game/sanguo/mobile/EditorUi.java,34,setNegativeButton,"""返回"",null).show()",NOT_RUN,Source inventory only; see grouped matrix for scoped executions
UI-0116,app/src/main/java/game/sanguo/mobile/EditorUi.java,39,setPositiveButton,"""应用修改"",(d,n)->apply.execute(w,()->w.editor.apply(draft))).setNegativeButton(""取消"",null).show()",NOT_RUN,Source inventory only; see grouped matrix for scoped executions
UI-0117,app/src/main/java/game/sanguo/mobile/EditorUi.java,47,setPositiveButton,"button,null).setNegativeButton(""取消"",null).create()",NOT_RUN,Source inventory only; see grouped matrix for scoped executions
UI-0118,app/src/main/java/game/sanguo/mobile/EditorUi.java,75,setItems,"new String[]{""行动力与技巧点"",""解锁技巧（含前置）""},(d,n)->{",NOT_RUN,Source inventory only; see grouped matrix for scoped executions
UI-0119,app/src/main/java/game/sanguo/mobile/EditorUi.java,78,setNegativeButton,"""返回"",null).show())",NOT_RUN,Source inventory only; see grouped matrix for scoped executions
UI-0120,app/src/main/java/game/sanguo/mobile/EstatesUi.java,12,setPositiveButton,"""返回"",null).show()",NOT_RUN,Source inventory only; see grouped matrix for scoped executions
UI-0121,app/src/main/java/game/sanguo/mobile/EstatesUi.java,14,setPositiveButton,"""执行"",(d,n)->run.run()).setNegativeButton(""取消"",null).show()",NOT_RUN,Source inventory only; see grouped matrix for scoped executions
UI-0122,app/src/main/java/game/sanguo/mobile/EstatesUi.java,27,setItems,"new String[]{""本势力宝物"",""赏赐府库宝物"",""收回武将宝物"",""搜索宝物""},(d,n)->{",NOT_RUN,Source inventory only; see grouped matrix for scoped executions
UI-0123,app/src/main/java/game/sanguo/mobile/EstatesUi.java,35,setNegativeButton,"""返回"",null).show()",NOT_RUN,Source inventory only; see grouped matrix for scoped executions
UI-0124,app/src/main/java/game/sanguo/mobile/FieldworkUi.java,12,setPositiveButton,"""返回"",null).show()",NOT_RUN,Source inventory only; see grouped matrix for scoped executions
UI-0125,app/src/main/java/game/sanguo/mobile/FieldworkUi.java,16,setNegativeButton,"""取消"",null)",NOT_RUN,Source inventory only; see grouped matrix for scoped executions
UI-0126,app/src/main/java/game/sanguo/mobile/FieldworkUi.java,18,setItems,"labels,(d,i)->next.accept(list.get(i)))",NOT_RUN,Source inventory only; see grouped matrix for scoped executions
UI-0127,app/src/main/java/game/sanguo/mobile/FieldworkUi.java,20,setPositiveButton,"""执行"",(d,i)->action.run()).setNegativeButton(""取消"",null).show()",NOT_RUN,Source inventory only; see grouped matrix for scoped executions
UI-0128,app/src/main/java/game/sanguo/mobile/GovernmentUi.java,13,setPositiveButton,"""返回"",null).show()",NOT_RUN,Source inventory only; see grouped matrix for scoped executions
UI-0129,app/src/main/java/game/sanguo/mobile/GovernmentUi.java,14,setPositiveButton,"""执行"",(d,n)->run.run()).setNegativeButton(""取消"",null).show()",NOT_RUN,Source inventory only; see grouped matrix for scoped executions
UI-0130,app/src/main/java/game/sanguo/mobile/GovernmentUi.java,22,setItems,"commands,(d,n)->{",NOT_RUN,Source inventory only; see grouped matrix for scoped executions
UI-0131,app/src/main/java/game/sanguo/mobile/GovernmentUi.java,38,setNegativeButton,"""返回"",null).show()",NOT_RUN,Source inventory only; see grouped matrix for scoped executions
UI-0132,app/src/main/java/game/sanguo/mobile/GovernmentUi.java,43,setItems,"new String[]{""招降"",""释放"",""处决""},(d,n)->actor(c,o->{",NOT_RUN,Source inventory only; see grouped matrix for scoped executions
UI-0133,app/src/main/java/game/sanguo/mobile/GovernmentUi.java,47,setNegativeButton,"""返回"",null).show())",NOT_RUN,Source inventory only; see grouped matrix for scoped executions
UI-0134,app/src/main/java/game/sanguo/mobile/LifecycleUi.java,14,setPositiveButton,"""返回"",null).show()",NOT_RUN,Source inventory only; see grouped matrix for scoped executions
UI-0135,app/src/main/java/game/sanguo/mobile/LifecycleUi.java,15,setPositiveButton,"""执行"",(d,n)->action.run()).setNegativeButton(""取消"",null).show()",NOT_RUN,Source inventory only; see grouped matrix for scoped executions
UI-0136,app/src/main/java/game/sanguo/mobile/LifecycleUi.java,19,button,"LinearLayout p,String value,Runnable action){Button b=CompactButtons.create(a)",NOT_RUN,Source inventory only; see grouped matrix for scoped executions
UI-0137,app/src/main/java/game/sanguo/mobile/LifecycleUi.java,22,button,"p,""继承 · ""+o.name,()->confirm(""立""+o.name+""为君主"",""统率""+o.leadership+"" · 政治""+o.politics+"" · 魅力""+o.charm+""\n原任官职解除，忠诚为100；其他武将按与新君主的相性差损失5至20忠诚，配偶与义兄弟免降。"",()->apply.execute(w,()->w.life.inherit(departed,o.i",NOT_RUN,Source inventory only; see grouped matrix for scoped executions
UI-0138,app/src/main/java/game/sanguo/mobile/LifecycleUi.java,25,setItems,"new String[]{""自然死亡 · ""+(w.life.enabled()?""开启"":""关闭""),""武将生卒资料"",""事件履历""},(d,n)->{",NOT_RUN,Source inventory only; see grouped matrix for scoped executions
UI-0139,app/src/main/java/game/sanguo/mobile/LifecycleUi.java,27,setPositiveButton,"""返回"",null).show()",NOT_RUN,Source inventory only; see grouped matrix for scoped executions
UI-0140,app/src/main/java/game/sanguo/mobile/LifecycleUi.java,28,setNegativeButton,"""返回"",null).show()",NOT_RUN,Source inventory only; see grouped matrix for scoped executions
UI-0141,app/src/main/java/game/sanguo/mobile/LifecycleUi.java,31,setPositiveButton,"""查找"",(d,n)->{",NOT_RUN,Source inventory only; see grouped matrix for scoped executions
UI-0142,app/src/main/java/game/sanguo/mobile/LifecycleUi.java,34,setItems,"list.stream().map(o->o.name+"" · ""+w.life.state(o.id).label).toArray(String[]::new),(dialog,index)->detail(list.get(index))).setNegativeButton(""返回"",null).show()",NOT_RUN,Source inventory only; see grouped matrix for scoped executions
UI-0143,app/src/main/java/game/sanguo/mobile/LifecycleUi.java,35,setNegativeButton,"""返回"",null).show()",NOT_RUN,Source inventory only; see grouped matrix for scoped executions
UI-0144,app/src/main/java/game/sanguo/mobile/LifecycleUi.java,37,setNegativeButton,"""返回"",null)",NOT_RUN,Source inventory only; see grouped matrix for scoped executions
UI-0145,app/src/main/java/game/sanguo/mobile/LifecycleUi.java,38,setPositiveButton,"""编辑生卒"",(d,n)->edit(o))",NOT_RUN,Source inventory only; see grouped matrix for scoped executions
UI-0146,app/src/main/java/game/sanguo/mobile/LifecycleUi.java,44,setPositiveButton,"""预览"",(d,n)->{",NOT_RUN,Source inventory only; see grouped matrix for scoped executions
UI-0147,app/src/main/java/game/sanguo/mobile/LifecycleUi.java,48,setNegativeButton,"""取消"",null).show()",NOT_RUN,Source inventory only; see grouped matrix for scoped executions
UI-0148,app/src/main/java/game/sanguo/mobile/MainActivity.java,112,button,"""新建游戏 · 选择剧本"",v->scenarioPicker()))",NOT_RUN,Source inventory only; see grouped matrix for scoped executions
UI-0149,app/src/main/java/game/sanguo/mobile/MainActivity.java,113,button,"""武将自定义 · 模板与投放"",v->startActivity(new Intent(this,CustomOfficerActivity.class))))",NOT_RUN,Source inventory only; see grouped matrix for scoped executions
UI-0150,app/src/main/java/game/sanguo/mobile/MainActivity.java,114,button,"""读取手动存档"",v->saveSlots(true)))",NOT_RUN,Source inventory only; see grouped matrix for scoped executions
UI-0151,app/src/main/java/game/sanguo/mobile/MainActivity.java,115,button,"""导入存档文件"",v->importSave()))",NOT_RUN,Source inventory only; see grouped matrix for scoped executions
UI-0152,app/src/main/java/game/sanguo/mobile/MainActivity.java,116,button,"""地图编辑器 · 自定义地图"",v->new MapEditorUi(this).show()))",NOT_RUN,Source inventory only; see grouped matrix for scoped executions
UI-0153,app/src/main/java/game/sanguo/mobile/MainActivity.java,117,button,"""重试自动存档"",v->{try{World loaded=readSave(file(""auto""))",NOT_RUN,Source inventory only; see grouped matrix for scoped executions
UI-0154,app/src/main/java/game/sanguo/mobile/MainActivity.java,157,button,"""战报"",v->new BattleReportUi(this,world).show())",NOT_RUN,Source inventory only; see grouped matrix for scoped executions
UI-0155,app/src/main/java/game/sanguo/mobile/MainActivity.java,161,button,"""网格"",v->{map.setGridShown(!map.gridShown())",NOT_RUN,Source inventory only; see grouped matrix for scoped executions
UI-0156,app/src/main/java/game/sanguo/mobile/MainActivity.java,163,button,"""视图"",v->showMapTools())",NOT_RUN,Source inventory only; see grouped matrix for scoped executions
UI-0157,app/src/main/java/game/sanguo/mobile/MainActivity.java,180,button,"""列表"",v->returnToCities())",NOT_RUN,Source inventory only; see grouped matrix for scoped executions
UI-0158,app/src/main/java/game/sanguo/mobile/MainActivity.java,183,button,"""展开"",v->{ui.panelExpanded=!ui.panelExpanded",NOT_RUN,Source inventory only; see grouped matrix for scoped executions
UI-0159,app/src/main/java/game/sanguo/mobile/MainActivity.java,185,button,"""收起"",v->closePanel())",NOT_RUN,Source inventory only; see grouped matrix for scoped executions
UI-0160,app/src/main/java/game/sanguo/mobile/MainActivity.java,199,setPositiveButton,"""返回"",null).setNeutralButton(""收起战果"",(d,n)->battleBanner.setVisibility(View.GONE))",NOT_RUN,Source inventory only; see grouped matrix for scoped executions
UI-0161,app/src/main/java/game/sanguo/mobile/MainActivity.java,200,setNegativeButton,"""定位发生地点"",(d,n)->locateBattleReport())",NOT_RUN,Source inventory only; see grouped matrix for scoped executions
UI-0162,app/src/main/java/game/sanguo/mobile/MainActivity.java,212,button,"""功能"",v->showNavigation())",NOT_RUN,Source inventory only; see grouped matrix for scoped executions
UI-0163,app/src/main/java/game/sanguo/mobile/MainActivity.java,214,button,"""点选城池"",v->{ui.page=""map""",NOT_RUN,Source inventory only; see grouped matrix for scoped executions
UI-0164,app/src/main/java/game/sanguo/mobile/MainActivity.java,217,button,"""‹"",v->cycleReady(-1))",NOT_RUN,Source inventory only; see grouped matrix for scoped executions
UI-0165,app/src/main/java/game/sanguo/mobile/MainActivity.java,218,button,"""›"",v->cycleReady(1))",NOT_RUN,Source inventory only; see grouped matrix for scoped executions
UI-0166,app/src/main/java/game/sanguo/mobile/MainActivity.java,220,button,"""下一旬  →"",v->confirmTurn())",NOT_RUN,Source inventory only; see grouped matrix for scoped executions
UI-0167,app/src/main/java/game/sanguo/mobile/MainActivity.java,266,button,"c.name+"" · ""+(c.troops/1000)+""k"",v->selectObject(c.hex,-2,true))",NOT_RUN,Source inventory only; see grouped matrix for scoped executions
UI-0168,app/src/main/java/game/sanguo/mobile/MainActivity.java,268,button,"n+"" · ""+u.troops,v->selectObject(u.hex,u.id,true))",NOT_RUN,Source inventory only; see grouped matrix for scoped executions
UI-0169,app/src/main/java/game/sanguo/mobile/MainActivity.java,285,setNegativeButton,"""返回"",null).create()",NOT_RUN,Source inventory only; see grouped matrix for scoped executions
UI-0170,app/src/main/java/game/sanguo/mobile/MainActivity.java,289,button,"label,v->{navigationDialog.dismiss()",NOT_RUN,Source inventory only; see grouped matrix for scoped executions
UI-0171,app/src/main/java/game/sanguo/mobile/MainActivity.java,297,setItems,"labels,(d,index)->{",NOT_RUN,Source inventory only; see grouped matrix for scoped executions
UI-0172,app/src/main/java/game/sanguo/mobile/MainActivity.java,303,setNegativeButton,"""返回"",null).show()",NOT_RUN,Source inventory only; see grouped matrix for scoped executions
UI-0173,app/src/main/java/game/sanguo/mobile/MainActivity.java,305,setNegativeButton,"""返回"",null).show()",NOT_RUN,Source inventory only; see grouped matrix for scoped executions
UI-0174,app/src/main/java/game/sanguo/mobile/MainActivity.java,311,setNegativeButton,"""返回"",null).show()",NOT_RUN,Source inventory only; see grouped matrix for scoped executions
UI-0175,app/src/main/java/game/sanguo/mobile/MainActivity.java,316,setPositiveButton,"""完成"",null).show()",NOT_RUN,Source inventory only; see grouped matrix for scoped executions
UI-0176,app/src/main/java/game/sanguo/mobile/MainActivity.java,319,setNegativeButton,"""返回"",null).show()",NOT_RUN,Source inventory only; see grouped matrix for scoped executions
UI-0177,app/src/main/java/game/sanguo/mobile/MainActivity.java,345,setNeutralButton,"""前线据点"",(d,n)->showFrontlines()).setNegativeButton(""返回"",null).show()",NOT_RUN,Source inventory only; see grouped matrix for scoped executions
UI-0178,app/src/main/java/game/sanguo/mobile/MainActivity.java,352,setItems,"cities.stream().map(c->c.name+"" · ""+world.faction(c.owner)).toArray(String[]::new),",NOT_RUN,Source inventory only; see grouped matrix for scoped executions
UI-0179,app/src/main/java/game/sanguo/mobile/MainActivity.java,353,setNegativeButton,"""返回"",null).show()",NOT_RUN,Source inventory only; see grouped matrix for scoped executions
UI-0180,app/src/main/java/game/sanguo/mobile/MainActivity.java,363,setPositiveButton,"""前线据点"",(d,n)->showFrontlines()).setNegativeButton(""返回"",null).show()",NOT_RUN,Source inventory only; see grouped matrix for scoped executions
UI-0181,app/src/main/java/game/sanguo/mobile/MainActivity.java,369,setNegativeButton,"""返回"",null).show()",NOT_RUN,Source inventory only; see grouped matrix for scoped executions
UI-0182,app/src/main/java/game/sanguo/mobile/MainActivity.java,385,button,"String value,View.OnClickListener action){",NOT_RUN,Source inventory only; see grouped matrix for scoped executions
UI-0183,app/src/main/java/game/sanguo/mobile/MainActivity.java,390,action,"String label,View.OnClickListener click){Button b=button(label,click)",NOT_RUN,Source inventory only; see grouped matrix for scoped executions
UI-0184,app/src/main/java/game/sanguo/mobile/MainActivity.java,392,button,"label,click)",NOT_RUN,Source inventory only; see grouped matrix for scoped executions
UI-0185,app/src/main/java/game/sanguo/mobile/MainActivity.java,429,setItems,"new String[]{world.officer(field.officerId).name+"" · 野战部队"",underlying.name+"" · 据点""},(d,i)->attackOnMap(source,h,i==0?field:null)).setNegativeButton(""取消"",null).show()",NOT_RUN,Source inventory only; see grouped matrix for scoped executions
UI-0186,app/src/main/java/game/sanguo/mobile/MainActivity.java,431,setItems,"candidates.stream().map(u->world.officer(u.officerId).name+"" · ""+world.army.equipmentLabel(u)).toArray(String[]::new),(d,i)->attackOnMap(source,h,candidates.get(i))).setNegativeButton(""取消"",null).show(",NOT_RUN,Source inventory only; see grouped matrix for scoped executions
UI-0187,app/src/main/java/game/sanguo/mobile/MainActivity.java,441,setItems,"labels.toArray(new String[0]),(d,i)->selectObject(h,city!=null&&i==0?-2:candidates.get(i-(city==null?0:1)).id,false)).setNegativeButton(""取消"",null).show()",NOT_RUN,Source inventory only; see grouped matrix for scoped executions
UI-0188,app/src/main/java/game/sanguo/mobile/MainActivity.java,501,setPositiveButton,"""返回"",null).show()",NOT_RUN,Source inventory only; see grouped matrix for scoped executions
UI-0189,app/src/main/java/game/sanguo/mobile/MainActivity.java,507,setPositiveButton,"positive,(d,n)->{",NOT_RUN,Source inventory only; see grouped matrix for scoped executions
UI-0190,app/src/main/java/game/sanguo/mobile/MainActivity.java,511,setNegativeButton,"""取消"",null).show()",NOT_RUN,Source inventory only; see grouped matrix for scoped executions
UI-0191,app/src/main/java/game/sanguo/mobile/MainActivity.java,652,button,"""取消"",v->{clearTacticPreview()",NOT_RUN,Source inventory only; see grouped matrix for scoped executions
UI-0192,app/src/main/java/game/sanguo/mobile/MainActivity.java,653,button,"""执行"",v->confirm.run()),new LinearLayout.LayoutParams(0,dp(48),1))",NOT_RUN,Source inventory only; see grouped matrix for scoped executions
UI-0193,app/src/main/java/game/sanguo/mobile/MainActivity.java,656,button,"""返回定位前"",v->returnFromBattleReport()),new LinearLayout.LayoutParams(dp(120),dp(48)))",NOT_RUN,Source inventory only; see grouped matrix for scoped executions
UI-0194,app/src/main/java/game/sanguo/mobile/MainActivity.java,662,button,"""取消选取"",v->cancelMapPick()),new LinearLayout.LayoutParams(dp(96),dp(48)))",NOT_RUN,Source inventory only; see grouped matrix for scoped executions
UI-0195,app/src/main/java/game/sanguo/mobile/MainActivity.java,673,button,"""详情"",v->{ui.panelVisible=true",NOT_RUN,Source inventory only; see grouped matrix for scoped executions
UI-0196,app/src/main/java/game/sanguo/mobile/MainActivity.java,677,button,"""行军"",v->{unitCommand=""march""",NOT_RUN,Source inventory only; see grouped matrix for scoped executions
UI-0197,app/src/main/java/game/sanguo/mobile/MainActivity.java,678,button,"""攻击"",v->{if(error!=null){message(""攻击暂不可用"",error)",NOT_RUN,Source inventory only; see grouped matrix for scoped executions
UI-0198,app/src/main/java/game/sanguo/mobile/MainActivity.java,679,button,"""战法"",v->showTactics(u))",NOT_RUN,Source inventory only; see grouped matrix for scoped executions
UI-0199,app/src/main/java/game/sanguo/mobile/MainActivity.java,680,button,"""计略"",v->{if(error!=null){message(""计略暂不可用"",error)",NOT_RUN,Source inventory only; see grouped matrix for scoped executions
UI-0200,app/src/main/java/game/sanguo/mobile/MainActivity.java,681,button,"""取消"",v->clearUnitSelection())",NOT_RUN,Source inventory only; see grouped matrix for scoped executions
UI-0201,app/src/main/java/game/sanguo/mobile/MainActivity.java,684,button,"""停止任务"",v->apply(()->world.marches.stop(u.id))),new LinearLayout.LayoutParams(0,dp(48),1))",NOT_RUN,Source inventory only; see grouped matrix for scoped executions
UI-0202,app/src/main/java/game/sanguo/mobile/MainActivity.java,694,button,"""取消"",v->{pendingMarch=null",NOT_RUN,Source inventory only; see grouped matrix for scoped executions
UI-0203,app/src/main/java/game/sanguo/mobile/MainActivity.java,695,button,"""确认任务"",v->apply(()->world.marches.execute(plan)))",NOT_RUN,Source inventory only; see grouped matrix for scoped executions
UI-0204,app/src/main/java/game/sanguo/mobile/MainActivity.java,714,button,"label,v->{if(!aiRunning&&!world.commandsBlocked())run.run()",NOT_RUN,Source inventory only; see grouped matrix for scoped executions
UI-0205,app/src/main/java/game/sanguo/mobile/MainActivity.java,722,action,"""定位施工部队"",v->selectAndFocus(world.unit(s.builder).hex))",NOT_RUN,Source inventory only; see grouped matrix for scoped executions
UI-0206,app/src/main/java/game/sanguo/mobile/MainActivity.java,724,action,"""定位本城"",v->{if(world.home()!=null)selectAndFocus(world.home().hex)",NOT_RUN,Source inventory only; see grouped matrix for scoped executions
UI-0207,app/src/main/java/game/sanguo/mobile/MainActivity.java,763,button,"name,v->{ui.group=name",NOT_RUN,Source inventory only; see grouped matrix for scoped executions
UI-0208,app/src/main/java/game/sanguo/mobile/MainActivity.java,767,action,"""围城与守备详情"",v->message(c.name+"" · 围城"",world.cityDefense.describe(c)))",NOT_RUN,Source inventory only; see grouped matrix for scoped executions
UI-0209,app/src/main/java/game/sanguo/mobile/MainActivity.java,780,action,"""城池托管 / 军团"",v->new WorldUi(this,world,this::apply).city(c))",NOT_RUN,Source inventory only; see grouped matrix for scoped executions
UI-0210,app/src/main/java/game/sanguo/mobile/MainActivity.java,785,action,"""设施开发"",v->domesticUi().build(c))",NOT_RUN,Source inventory only; see grouped matrix for scoped executions
UI-0211,app/src/main/java/game/sanguo/mobile/MainActivity.java,786,action,"""商人 / 粮食买卖"",v->campaignUi().trade(c))",NOT_RUN,Source inventory only; see grouped matrix for scoped executions
UI-0212,app/src/main/java/game/sanguo/mobile/MainActivity.java,787,action,"""巡察 · 金100"",v->strategyUi().command(c,5))",NOT_RUN,Source inventory only; see grouped matrix for scoped executions
UI-0213,app/src/main/java/game/sanguo/mobile/MainActivity.java,789,action,"""外交 / 协定"",v->campaignUi().diplomacy(c))",NOT_RUN,Source inventory only; see grouped matrix for scoped executions
UI-0214,app/src/main/java/game/sanguo/mobile/MainActivity.java,789,action,"""流言"",v->campaignUi().rumor(c))",NOT_RUN,Source inventory only; see grouped matrix for scoped executions
UI-0215,app/src/main/java/game/sanguo/mobile/MainActivity.java,793,action,"""PK能力研究"",v->new AbilityUi(this,world,this::apply).research(c))",NOT_RUN,Source inventory only; see grouped matrix for scoped executions
UI-0216,app/src/main/java/game/sanguo/mobile/MainActivity.java,793,action,"""技巧研究"",v->campaignUi().research(c))",NOT_RUN,Source inventory only; see grouped matrix for scoped executions
UI-0217,app/src/main/java/game/sanguo/mobile/MainActivity.java,793,action,"""能力 / 适性培养"",v->campaignUi().study(c))",NOT_RUN,Source inventory only; see grouped matrix for scoped executions
UI-0218,app/src/main/java/game/sanguo/mobile/MainActivity.java,794,action,"""PK研究与培养进度"",v->new AbilityUi(this,world,this::apply).progress(c))",NOT_RUN,Source inventory only; see grouped matrix for scoped executions
UI-0219,app/src/main/java/game/sanguo/mobile/MainActivity.java,795,action,"""研究与培养进度"",v->campaignUi().projects(c))",NOT_RUN,Source inventory only; see grouped matrix for scoped executions
UI-0220,app/src/main/java/game/sanguo/mobile/MainActivity.java,798,action,"""仲介 / 结义婚姻"",v->new EstatesUi(this,world,this::apply).mediate(c))",NOT_RUN,Source inventory only; see grouped matrix for scoped executions
UI-0221,app/src/main/java/game/sanguo/mobile/MainActivity.java,799,action,"""宝物 / 赏赐收回"",v->new EstatesUi(this,world,this::apply).treasures(c))",NOT_RUN,Source inventory only; see grouped matrix for scoped executions
UI-0222,app/src/main/java/game/sanguo/mobile/MainActivity.java,800,action,"""搜索人才"",v->strategyUi().command(c,1))",NOT_RUN,Source inventory only; see grouped matrix for scoped executions
UI-0223,app/src/main/java/game/sanguo/mobile/MainActivity.java,801,action,"""登用武将"",v->strategyUi().command(c,2))",NOT_RUN,Source inventory only; see grouped matrix for scoped executions
UI-0224,app/src/main/java/game/sanguo/mobile/MainActivity.java,802,action,"""舌战登用"",v->strategyUi().command(c,8))",NOT_RUN,Source inventory only; see grouped matrix for scoped executions
UI-0225,app/src/main/java/game/sanguo/mobile/MainActivity.java,803,action,"""褒奖武将"",v->strategyUi().command(c,3))",NOT_RUN,Source inventory only; see grouped matrix for scoped executions
UI-0226,app/src/main/java/game/sanguo/mobile/MainActivity.java,804,action,"""任命太守"",v->strategyUi().command(c,4))",NOT_RUN,Source inventory only; see grouped matrix for scoped executions
UI-0227,app/src/main/java/game/sanguo/mobile/MainActivity.java,805,action,"""能力 / 适性培养"",v->campaignUi().study(c))",NOT_RUN,Source inventory only; see grouped matrix for scoped executions
UI-0228,app/src/main/java/game/sanguo/mobile/MainActivity.java,806,action,"""流放武将"",v->campaignUi().dismiss(c))",NOT_RUN,Source inventory only; see grouped matrix for scoped executions
UI-0229,app/src/main/java/game/sanguo/mobile/MainActivity.java,811,action,"""筛选本城武将"",v->{ui.city=c.id",NOT_RUN,Source inventory only; see grouped matrix for scoped executions
UI-0230,app/src/main/java/game/sanguo/mobile/MainActivity.java,814,action,"command.label,v->command.run.run())",NOT_RUN,Source inventory only; see grouped matrix for scoped executions
UI-0231,app/src/main/java/game/sanguo/mobile/MainActivity.java,816,action,"""修复城防"",v->campaignUi().repair(c))",NOT_RUN,Source inventory only; see grouped matrix for scoped executions
UI-0232,app/src/main/java/game/sanguo/mobile/MainActivity.java,816,action,"""建造军事设施"",v->campaignUi().buildMilitary(c))",NOT_RUN,Source inventory only; see grouped matrix for scoped executions
UI-0233,app/src/main/java/game/sanguo/mobile/MainActivity.java,816,action,"""军事设施管理"",v->campaignUi().structures(c))",NOT_RUN,Source inventory only; see grouped matrix for scoped executions
UI-0234,app/src/main/java/game/sanguo/mobile/MainActivity.java,818,action,"""人员调动"",v->domesticUi().transfer(c))",NOT_RUN,Source inventory only; see grouped matrix for scoped executions
UI-0235,app/src/main/java/game/sanguo/mobile/MainActivity.java,818,action,"""资源运输"",v->domesticUi().transport(c))",NOT_RUN,Source inventory only; see grouped matrix for scoped executions
UI-0236,app/src/main/java/game/sanguo/mobile/MainActivity.java,818,action,"""水陆运输"",v->domesticUi().transportSea(c))",NOT_RUN,Source inventory only; see grouped matrix for scoped executions
UI-0237,app/src/main/java/game/sanguo/mobile/MainActivity.java,819,action,"""查看任务 / 在途"",v->{ui.page=""tasks""",NOT_RUN,Source inventory only; see grouped matrix for scoped executions
UI-0238,app/src/main/java/game/sanguo/mobile/MainActivity.java,821,action,"""守备与反击规则"",v->message(c.name+"" · 城防"",world.cityDefense.describe(c)))",NOT_RUN,Source inventory only; see grouped matrix for scoped executions
UI-0239,app/src/main/java/game/sanguo/mobile/MainActivity.java,826,action,"""城池托管 / 军团"",v->new WorldUi(this,world,this::apply).city(c))",NOT_RUN,Source inventory only; see grouped matrix for scoped executions
UI-0240,app/src/main/java/game/sanguo/mobile/MainActivity.java,828,action,"""人事 / 城市治理"",v->strategyUi().city(c))",NOT_RUN,Source inventory only; see grouped matrix for scoped executions
UI-0241,app/src/main/java/game/sanguo/mobile/MainActivity.java,828,action,"""军政 / 俘虏 / 官职"",v->governmentUi().city(c))",NOT_RUN,Source inventory only; see grouped matrix for scoped executions
UI-0242,app/src/main/java/game/sanguo/mobile/MainActivity.java,831,action,"""设施开发"",v->domesticUi().build(c))",NOT_RUN,Source inventory only; see grouped matrix for scoped executions
UI-0243,app/src/main/java/game/sanguo/mobile/MainActivity.java,832,action,"""展开军事命令"",v->{ui.group=""军事""",NOT_RUN,Source inventory only; see grouped matrix for scoped executions
UI-0244,app/src/main/java/game/sanguo/mobile/MainActivity.java,833,action,"""外交 / 协定"",v->campaignUi().diplomacy(c))",NOT_RUN,Source inventory only; see grouped matrix for scoped executions
UI-0245,app/src/main/java/game/sanguo/mobile/MainActivity.java,833,action,"""技巧 / 培养"",v->{ui.group=""研究""",NOT_RUN,Source inventory only; see grouped matrix for scoped executions
UI-0246,app/src/main/java/game/sanguo/mobile/MainActivity.java,869,action,"""攻防与副将补正"",v->message(""部队数值组成"",world.combat.statExplanation(u)))",NOT_RUN,Source inventory only; see grouped matrix for scoped executions
UI-0247,app/src/main/java/game/sanguo/mobile/MainActivity.java,873,button,"""选择目标"",v->{unitCommand=""march""",NOT_RUN,Source inventory only; see grouped matrix for scoped executions
UI-0248,app/src/main/java/game/sanguo/mobile/MainActivity.java,874,button,"""下一部队"",v->nextUnit()),new LinearLayout.LayoutParams(0,dp(48),1))",NOT_RUN,Source inventory only; see grouped matrix for scoped executions
UI-0249,app/src/main/java/game/sanguo/mobile/MainActivity.java,875,button,"""停止任务"",v->apply(()->world.marches.stop(u.id))),new LinearLayout.LayoutParams(0,dp(48),1))",NOT_RUN,Source inventory only; see grouped matrix for scoped executions
UI-0250,app/src/main/java/game/sanguo/mobile/MainActivity.java,890,action,"""编队特技"",v->warUi().skills(u))",NOT_RUN,Source inventory only; see grouped matrix for scoped executions
UI-0251,app/src/main/java/game/sanguo/mobile/MainActivity.java,895,action,"""中止施工"",v->new FieldworkUi(this,world,this::apply).stop(u))",NOT_RUN,Source inventory only; see grouped matrix for scoped executions
UI-0252,app/src/main/java/game/sanguo/mobile/MainActivity.java,896,action,"""设置军事设施"",v->new FieldworkUi(this,world,this::apply).build(u))",NOT_RUN,Source inventory only; see grouped matrix for scoped executions
UI-0253,app/src/main/java/game/sanguo/mobile/MainActivity.java,896,action,"""补修军事设施"",v->new FieldworkUi(this,world,this::apply).repair(u))",NOT_RUN,Source inventory only; see grouped matrix for scoped executions
UI-0254,app/src/main/java/game/sanguo/mobile/MainActivity.java,896,action,"""补充携金"",v->new FieldworkUi(this,world,this::apply).fund(u))",NOT_RUN,Source inventory only; see grouped matrix for scoped executions
UI-0255,app/src/main/java/game/sanguo/mobile/MainActivity.java,896,action,"""单挑"",v->new ContestUi(this,world,this::apply).challenge(u))",NOT_RUN,Source inventory only; see grouped matrix for scoped executions
UI-0256,app/src/main/java/game/sanguo/mobile/MainActivity.java,896,action,"""齐攻"",v->warUi().joint(u))",NOT_RUN,Source inventory only; see grouped matrix for scoped executions
UI-0257,app/src/main/java/game/sanguo/mobile/MainActivity.java,896,action,"""讨伐贼寨"",v->new WorldUi(this,world,this::apply).raids(u))",NOT_RUN,Source inventory only; see grouped matrix for scoped executions
UI-0258,app/src/main/java/game/sanguo/mobile/MainActivity.java,896,action,"""截击运输队"",v->governmentUi().raid(u))",NOT_RUN,Source inventory only; see grouped matrix for scoped executions
UI-0259,app/src/main/java/game/sanguo/mobile/MainActivity.java,896,action,"""移交兵粮"",v->governmentUi().supply(u))",NOT_RUN,Source inventory only; see grouped matrix for scoped executions
UI-0260,app/src/main/java/game/sanguo/mobile/MainActivity.java,896,action,"""部队战法详情"",v->showTactics(u))",NOT_RUN,Source inventory only; see grouped matrix for scoped executions
UI-0261,app/src/main/java/game/sanguo/mobile/MainActivity.java,897,action,"""部队灭火 · 气力5"",v->confirm(""扑灭本部队火焰？"",()->apply(()->world.army.extinguish(u.id))))",NOT_RUN,Source inventory only; see grouped matrix for scoped executions
UI-0262,app/src/main/java/game/sanguo/mobile/MainActivity.java,897,action,"""部队计略"",v->{moving=u.id",NOT_RUN,Source inventory only; see grouped matrix for scoped executions
UI-0263,app/src/main/java/game/sanguo/mobile/MainActivity.java,897,action,"""待命 · 恢复5气力"",v->confirm(""本旬待命并恢复5气力？"",()->apply(()->world.war.waitUnit(u.id))))",NOT_RUN,Source inventory only; see grouped matrix for scoped executions
UI-0264,app/src/main/java/game/sanguo/mobile/MainActivity.java,898,action,"""定位护送运输队"",v->selectAndFocus(convoy.hex))",NOT_RUN,Source inventory only; see grouped matrix for scoped executions
UI-0265,app/src/main/java/game/sanguo/mobile/MainActivity.java,899,action,"""取消部队选择"",v->clearUnitSelection())",NOT_RUN,Source inventory only; see grouped matrix for scoped executions
UI-0266,app/src/main/java/game/sanguo/mobile/MainActivity.java,906,action,"""运输队攻防组成"",v->message(""运输队数值"",world.combat.statExplanation(m)))",NOT_RUN,Source inventory only; see grouped matrix for scoped executions
UI-0267,app/src/main/java/game/sanguo/mobile/MainActivity.java,912,action,"""地图选择目的地 / 改道"",v->{unitCommand=""march""",NOT_RUN,Source inventory only; see grouped matrix for scoped executions
UI-0268,app/src/main/java/game/sanguo/mobile/MainActivity.java,912,action,"""停止运输"",v->apply(()->world.marches.stop(m.id)))",NOT_RUN,Source inventory only; see grouped matrix for scoped executions
UI-0269,app/src/main/java/game/sanguo/mobile/MainActivity.java,912,action,"""地图补给友军"",v->convoySupply(m))",NOT_RUN,Source inventory only; see grouped matrix for scoped executions
UI-0270,app/src/main/java/game/sanguo/mobile/MainActivity.java,913,action,"""定位目的地"",v->selectAndFocus(world.city(m.targetCity).hex))",NOT_RUN,Source inventory only; see grouped matrix for scoped executions
UI-0271,app/src/main/java/game/sanguo/mobile/MainActivity.java,914,action,"""定位护送部队"",v->selectAndFocus(world.unit(m.escortId).hex))",NOT_RUN,Source inventory only; see grouped matrix for scoped executions
UI-0272,app/src/main/java/game/sanguo/mobile/MainActivity.java,923,setNegativeButton,"""取消"",null).setPositiveButton(""预览"",(d,n)->{try{int[] amount=new int[3]",NOT_RUN,Source inventory only; see grouped matrix for scoped executions
UI-0273,app/src/main/java/game/sanguo/mobile/MainActivity.java,936,setNegativeButton,"""返回"",null)",NOT_RUN,Source inventory only; see grouped matrix for scoped executions
UI-0274,app/src/main/java/game/sanguo/mobile/MainActivity.java,940,setPositiveButton,"""地图定位"",(dialog,n)->selectAndFocus(target))",NOT_RUN,Source inventory only; see grouped matrix for scoped executions
UI-0275,app/src/main/java/game/sanguo/mobile/MainActivity.java,946,setNegativeButton,"""取消"",null).show()",NOT_RUN,Source inventory only; see grouped matrix for scoped executions
UI-0276,app/src/main/java/game/sanguo/mobile/MainActivity.java,948,setNegativeButton,"""取消"",null).show()",NOT_RUN,Source inventory only; see grouped matrix for scoped executions
UI-0277,app/src/main/java/game/sanguo/mobile/MainActivity.java,949,setNegativeButton,"""取消"",null).show()",NOT_RUN,Source inventory only; see grouped matrix for scoped executions
UI-0278,app/src/main/java/game/sanguo/mobile/MainActivity.java,977,action,"""Unity 试用 · 全屏预览"",v->launchUnityTrial())",NOT_RUN,Source inventory only; see grouped matrix for scoped executions
UI-0279,app/src/main/java/game/sanguo/mobile/MainActivity.java,978,action,"""屏幕方向 / 横竖屏"",v->showOrientationPicker())",NOT_RUN,Source inventory only; see grouped matrix for scoped executions
UI-0280,app/src/main/java/game/sanguo/mobile/MainActivity.java,979,action,"""地图视图与操作"",v->showMapTools())",NOT_RUN,Source inventory only; see grouped matrix for scoped executions
UI-0281,app/src/main/java/game/sanguo/mobile/MainActivity.java,980,action,"""生卒与继承"",v->new LifecycleUi(this,world,this::apply).menu())",NOT_RUN,Source inventory only; see grouped matrix for scoped executions
UI-0282,app/src/main/java/game/sanguo/mobile/MainActivity.java,981,action,"""天下总览 · 势力 / 部队 / 钱粮 / 技巧树"",v->openRealmPage(""factions"",-1))",NOT_RUN,Source inventory only; see grouped matrix for scoped executions
UI-0283,app/src/main/java/game/sanguo/mobile/MainActivity.java,982,action,"""军团与天下"",v->new WorldUi(this,world,this::apply).menu())",NOT_RUN,Source inventory only; see grouped matrix for scoped executions
UI-0284,app/src/main/java/game/sanguo/mobile/MainActivity.java,983,action,"""武将自定义 · 新战局模板与投放"",v->startActivity(new Intent(this,CustomOfficerActivity.class)))",NOT_RUN,Source inventory only; see grouped matrix for scoped executions
UI-0285,app/src/main/java/game/sanguo/mobile/MainActivity.java,984,action,"""PK编辑 / 新武将"",v->new EditorUi(this,world,this::apply).menu())",NOT_RUN,Source inventory only; see grouped matrix for scoped executions
UI-0286,app/src/main/java/game/sanguo/mobile/MainActivity.java,986,action,"""继续君主继承"",v->{ui.page=""map""",NOT_RUN,Source inventory only; see grouped matrix for scoped executions
UI-0287,app/src/main/java/game/sanguo/mobile/MainActivity.java,987,action,"""继续当前对局"",v->{ui.page=""map""",NOT_RUN,Source inventory only; see grouped matrix for scoped executions
UI-0288,app/src/main/java/game/sanguo/mobile/MainActivity.java,988,action,"""最近对局结果"",v->message(""对局结果"",world.contests.lastResult()))",NOT_RUN,Source inventory only; see grouped matrix for scoped executions
UI-0289,app/src/main/java/game/sanguo/mobile/MainActivity.java,988,action,"""保存局面（3个槽位）"",v->saveSlots(false))",NOT_RUN,Source inventory only; see grouped matrix for scoped executions
UI-0290,app/src/main/java/game/sanguo/mobile/MainActivity.java,988,action,"""读取存档"",v->saveSlots(true))",NOT_RUN,Source inventory only; see grouped matrix for scoped executions
UI-0291,app/src/main/java/game/sanguo/mobile/MainActivity.java,988,action,"""导出当前存档"",v->exportSave())",NOT_RUN,Source inventory only; see grouped matrix for scoped executions
UI-0292,app/src/main/java/game/sanguo/mobile/MainActivity.java,988,action,"""导入存档文件"",v->importSave())",NOT_RUN,Source inventory only; see grouped matrix for scoped executions
UI-0293,app/src/main/java/game/sanguo/mobile/MainActivity.java,988,action,"""导入剧本文件"",v->{if(!aiRunning)startActivityForResult(new Intent(Intent.ACTION_OPEN_DOCUMENT).addCategory(Intent.CATEGORY_OPENABLE).setType(""*/*""),IMPORT_SCENARIO)",NOT_RUN,Source inventory only; see grouped matrix for scoped executions
UI-0294,app/src/main/java/game/sanguo/mobile/MainActivity.java,989,action,"""本旬结算摘要"",v->showTurnReport())",NOT_RUN,Source inventory only; see grouped matrix for scoped executions
UI-0295,app/src/main/java/game/sanguo/mobile/MainActivity.java,990,action,"""全国资料 / 核验目录"",v->{ui.page=""content""",NOT_RUN,Source inventory only; see grouped matrix for scoped executions
UI-0296,app/src/main/java/game/sanguo/mobile/MainActivity.java,990,action,"""势力一览"",v->{ui.page=""factions""",NOT_RUN,Source inventory only; see grouped matrix for scoped executions
UI-0297,app/src/main/java/game/sanguo/mobile/MainActivity.java,991,action,"""战报"",v->message(""战报"",String.join(""\n"",world.log)))",NOT_RUN,Source inventory only; see grouped matrix for scoped executions
UI-0298,app/src/main/java/game/sanguo/mobile/MainActivity.java,992,action,"""新游戏 / 选择势力"",v->scenarioPicker())",NOT_RUN,Source inventory only; see grouped matrix for scoped executions
UI-0299,app/src/main/java/game/sanguo/mobile/MainActivity.java,992,action,"""版本与范围"",v->message(""v""+BuildConfig.VERSION_NAME+"" · 天下总览与快速旬结算"", ""构建 ""+BuildConfig.VERSION_CODE+"" · 源码 ""+BuildConfig.SOURCE_REVISION+""\n全国势力/部队/武将/城池/港关/设施列表；左上角常驻行动力。开局支持实际地图点选势力与技巧树预览。\n旬结算单线程顺序执行规则",NOT_RUN,Source inventory only; see grouped matrix for scoped executions
UI-0300,app/src/main/java/game/sanguo/mobile/MainActivity.java,1023,button,"label,v->{if(holder[0]!=null)holder[0].dismiss()",NOT_RUN,Source inventory only; see grouped matrix for scoped executions
UI-0301,app/src/main/java/game/sanguo/mobile/MainActivity.java,1032,setNegativeButton,"""取消"",null).show()",NOT_RUN,Source inventory only; see grouped matrix for scoped executions
UI-0302,app/src/main/java/game/sanguo/mobile/MainActivity.java,1039,setItems,"labels,(d,n)->{if(n==0){chooseScenarioTemplate(id,null)",NOT_RUN,Source inventory only; see grouped matrix for scoped executions
UI-0303,app/src/main/java/game/sanguo/mobile/MainActivity.java,1041,setNegativeButton,"""取消"",null).show()",NOT_RUN,Source inventory only; see grouped matrix for scoped executions
UI-0304,app/src/main/java/game/sanguo/mobile/MainActivity.java,1042,setPositiveButton,"""使用原版"",(d,n)->chooseScenarioTemplate(id,null)).setNegativeButton(""取消"",null).show()",NOT_RUN,Source inventory only; see grouped matrix for scoped executions
UI-0305,app/src/main/java/game/sanguo/mobile/MainActivity.java,1046,setNegativeButton,"""取消"",(d,n)->canceled.set(true)).create()",NOT_RUN,Source inventory only; see grouped matrix for scoped executions
UI-0306,app/src/main/java/game/sanguo/mobile/MainActivity.java,1063,setNegativeButton,"""取消"",(d,n)->canceled.set(true)).create()",NOT_RUN,Source inventory only; see grouped matrix for scoped executions
UI-0307,app/src/main/java/game/sanguo/mobile/MainActivity.java,1077,setItems,"labels,(d,index)->{",NOT_RUN,Source inventory only; see grouped matrix for scoped executions
UI-0308,app/src/main/java/game/sanguo/mobile/MainActivity.java,1082,setNegativeButton,"""取消"",null).show()",NOT_RUN,Source inventory only; see grouped matrix for scoped executions
UI-0309,app/src/main/java/game/sanguo/mobile/MainActivity.java,1089,setItems,"items.stream().map(item->item.text).toArray(String[]::new),(d,n)->{",NOT_RUN,Source inventory only; see grouped matrix for scoped executions
UI-0310,app/src/main/java/game/sanguo/mobile/MainActivity.java,1094,setNegativeButton,"""返回"",null).show()",NOT_RUN,Source inventory only; see grouped matrix for scoped executions
UI-0311,app/src/main/java/game/sanguo/mobile/MainActivity.java,1133,setItems,"new String[]{map.commandEffectsPaused()?""继续演示"":""暂停演示"",""1× 正常速度"",""2× 加速"",""4× 快速"",""跳过剩余演示""},(d,index)->{",NOT_RUN,Source inventory only; see grouped matrix for scoped executions
UI-0312,app/src/main/java/game/sanguo/mobile/MainActivity.java,1137,setNegativeButton,"""返回地图"",null).show()",NOT_RUN,Source inventory only; see grouped matrix for scoped executions
UI-0313,app/src/main/java/game/sanguo/mobile/MainActivity.java,1140,setItems,"new String[]{turnWork.paused?""继续演示"":""暂停演示"",""1× 正常速度"",""2× 加速"",""4× 快速"",""跳过剩余演示"",""完整演示（本旬不限时）""},(d,index)->{",NOT_RUN,Source inventory only; see grouped matrix for scoped executions
UI-0314,app/src/main/java/game/sanguo/mobile/MainActivity.java,1147,setNegativeButton,"""返回地图"",null).show()",NOT_RUN,Source inventory only; see grouped matrix for scoped executions
UI-0315,app/src/main/java/game/sanguo/mobile/MainActivity.java,1201,setItems,"imported.factions,(dialog,n)->confirm(""开始“""+imported.scenarioName+""”？\n""+imported.faction(n)+"" · ""+imported.sourceColumns()+""×""+imported.sourceRows()+""格 · ""+imported.cities.size()+""据点 · ""+imported.off",NOT_RUN,Source inventory only; see grouped matrix for scoped executions
UI-0316,app/src/main/java/game/sanguo/mobile/MainActivity.java,1203,setNegativeButton,"""取消"",null).show()",NOT_RUN,Source inventory only; see grouped matrix for scoped executions
UI-0317,app/src/main/java/game/sanguo/mobile/MainActivity.java,1207,setPositiveButton,"""保存模板"",(dialog,n)->{try{EditorUi.store(this,template)",NOT_RUN,Source inventory only; see grouped matrix for scoped executions
UI-0318,app/src/main/java/game/sanguo/mobile/MainActivity.java,1207,setNegativeButton,"""取消"",null).show()",NOT_RUN,Source inventory only; see grouped matrix for scoped executions
UI-0319,app/src/main/java/game/sanguo/mobile/MapEditorActivity.java,40,button,"String label,Runnable run){Button b=CompactButtons.create(this)",NOT_RUN,Source inventory only; see grouped matrix for scoped executions
UI-0320,app/src/main/java/game/sanguo/mobile/MapEditorActivity.java,44,button,"names[i],()->{cancelPlacement()",NOT_RUN,Source inventory only; see grouped matrix for scoped executions
UI-0321,app/src/main/java/game/sanguo/mobile/MapEditorActivity.java,46,button,"""撤销"",()->change(""撤销"",()->{session.undo()",NOT_RUN,Source inventory only; see grouped matrix for scoped executions
UI-0322,app/src/main/java/game/sanguo/mobile/MapEditorActivity.java,46,button,"""重做"",()->change(""重做"",()->{session.redo()",NOT_RUN,Source inventory only; see grouped matrix for scoped executions
UI-0323,app/src/main/java/game/sanguo/mobile/MapEditorActivity.java,46,button,"""定位"",this::locate),new LinearLayout.LayoutParams(0,dp(44),1))",NOT_RUN,Source inventory only; see grouped matrix for scoped executions
UI-0324,app/src/main/java/game/sanguo/mobile/MapEditorActivity.java,46,button,"""地图"",this::libraryMenu),new LinearLayout.LayoutParams(0,dp(44),1))",NOT_RUN,Source inventory only; see grouped matrix for scoped executions
UI-0325,app/src/main/java/game/sanguo/mobile/MapEditorActivity.java,59,setNegativeButton,"""取消"",null).setNeutralButton(""恢复默认"",(d,n)->change(""重置视觉"",()->{MapPatch next=session.patch()",NOT_RUN,Source inventory only; see grouped matrix for scoped executions
UI-0326,app/src/main/java/game/sanguo/mobile/MapEditorActivity.java,59,setPositiveButton,"""应用"",(d,n)->{try{int h=number(height)",NOT_RUN,Source inventory only; see grouped matrix for scoped executions
UI-0327,app/src/main/java/game/sanguo/mobile/MapEditorActivity.java,61,button,"label,run),new LinearLayout.LayoutParams(-2,-1))",NOT_RUN,Source inventory only; see grouped matrix for scoped executions
UI-0328,app/src/main/java/game/sanguo/mobile/MapEditorActivity.java,65,setNegativeButton,"""继续选位置"",null).setNeutralButton(""取消放置"",(d,n)->cancelPlacement()).setPositiveButton(""确认位置"",(d,n)->commitPlacement(value)).show()",NOT_RUN,Source inventory only; see grouped matrix for scoped executions
UI-0329,app/src/main/java/game/sanguo/mobile/MapEditorActivity.java,75,setItems,"names,(d,n)->{if(all[n]==World.Terrain.VOID){status.setText(""有效边界和外景受保护，不能刷VOID"")",NOT_RUN,Source inventory only; see grouped matrix for scoped executions
UI-0330,app/src/main/java/game/sanguo/mobile/MapEditorActivity.java,76,setItems,"names,(d,n)->{tool=names[n]",NOT_RUN,Source inventory only; see grouped matrix for scoped executions
UI-0331,app/src/main/java/game/sanguo/mobile/MapEditorActivity.java,77,setNegativeButton,"""取消"",(d,n)->map.editorPreview(Collections.emptySet(),true)).setPositiveButton(""确认修改"",(d,n)->commitPaint(label,actual)).setOnCancelListener(d->map.editorPreview(Collections.emptySet(),true)).show()",NOT_RUN,Source inventory only; see grouped matrix for scoped executions
UI-0332,app/src/main/java/game/sanguo/mobile/MapEditorActivity.java,79,setPositiveButton,"""应用"",(d,n)->{grid=values[0]",NOT_RUN,Source inventory only; see grouped matrix for scoped executions
UI-0333,app/src/main/java/game/sanguo/mobile/MapEditorActivity.java,80,setNegativeButton,"""取消"",null).setPositiveButton(""定位"",(d,n)->{try{int sx=number(x),sy=number(y)",NOT_RUN,Source inventory only; see grouped matrix for scoped executions
UI-0334,app/src/main/java/game/sanguo/mobile/MapEditorActivity.java,81,setItems,"new String[]{""城池 · 七格"",""港口 · 一格"",""关卡 · 一格""},(d,n)->{World.SiteKind kind=n==0?World.SiteKind.CITY:n==1?World.SiteKind.PORT:World.SiteKind.GATE",NOT_RUN,Source inventory only; see grouped matrix for scoped executions
UI-0335,app/src/main/java/game/sanguo/mobile/MapEditorActivity.java,87,setItems,"labels,(d,n)->{MapPatch.Site s=list.get(n)",NOT_RUN,Source inventory only; see grouped matrix for scoped executions
UI-0336,app/src/main/java/game/sanguo/mobile/MapEditorActivity.java,87,setNegativeButton,"""返回"",null).show()",NOT_RUN,Source inventory only; see grouped matrix for scoped executions
UI-0337,app/src/main/java/game/sanguo/mobile/MapEditorActivity.java,89,setPositiveButton,"""编辑地理"",(d,n)->geography(s)).setNeutralButton(""剧本状态"",(d,n)->initialForm(s)).setNegativeButton(""更多"",(d,n)->new AlertDialog.Builder(this).setTitle(s.name()).setItems(new String[]{""移动"",""复制"",""删除并检查引用"",""关闭""",NOT_RUN,Source inventory only; see grouped matrix for scoped executions
UI-0338,app/src/main/java/game/sanguo/mobile/MapEditorActivity.java,91,setNegativeButton,"""取消"",null).setPositiveButton(""预检并保存"",(d,n)->{try{MapPatch.Site value=new MapPatch.Site(s.id(),name.getText().toString().trim(),number(x),number(y),s.kind(),parent==null?-1:parents.get(parent.getSelect",NOT_RUN,Source inventory only; see grouped matrix for scoped executions
UI-0339,app/src/main/java/game/sanguo/mobile/MapEditorActivity.java,94,setNegativeButton,"""取消"",null).setPositiveButton(""预览影响"",(d,n)->{try{MapPatch.Initial value=new MapPatch.Initial(enabled.isChecked(),owner.getSelectedItemPosition()-1,number(gold),number(food),number(troops),number(order)",NOT_RUN,Source inventory only; see grouped matrix for scoped executions
UI-0340,app/src/main/java/game/sanguo/mobile/MapEditorActivity.java,94,setNeutralButton,"""批量中立（仅新增）"",(d,n)->{try{if(CustomMaps.base().sites.containsKey(s.id()))throw new IOException(""历史据点不能批量覆盖；请逐剧本编辑并检查引用"")",NOT_RUN,Source inventory only; see grouped matrix for scoped executions
UI-0341,app/src/main/java/game/sanguo/mobile/MapEditorActivity.java,95,setNegativeButton,"""取消"",null).setPositiveButton(""确认"",(d,n)->change(label,()->{session.replace(label,next)",NOT_RUN,Source inventory only; see grouped matrix for scoped executions
UI-0342,app/src/main/java/game/sanguo/mobile/MapEditorActivity.java,97,setNegativeButton,"""取消"",null).setPositiveButton(""选择迁移城市"",(d,n)->chooseCity(""港关关联迁移城市；异势力驻将会另列同势力目的地"",parent->work(""构造可撤销的删除与引用修正"",()->CustomMaps.deletionProposal(session.patch(),s.id(),parent),next->confirmTransaction(""",NOT_RUN,Source inventory only; see grouped matrix for scoped executions
UI-0343,app/src/main/java/game/sanguo/mobile/MapEditorActivity.java,99,setItems,"options.stream().map(c->c.name+"" · ""+session.world().faction(c.owner)+"" #""+c.id).toArray(String[]::new),(d,n)->selected.accept(options.get(n).id)).setNegativeButton(""取消"",null).show()",NOT_RUN,Source inventory only; see grouped matrix for scoped executions
UI-0344,app/src/main/java/game/sanguo/mobile/MapEditorActivity.java,100,setItems,"ids.toArray(new String[0]),(d,n)->{MapPatch p=session.patch()",NOT_RUN,Source inventory only; see grouped matrix for scoped executions
UI-0345,app/src/main/java/game/sanguo/mobile/MapEditorActivity.java,102,setItems,"rows,(d,n)->{CustomMaps.Issue i=issues.get(n)",NOT_RUN,Source inventory only; see grouped matrix for scoped executions
UI-0346,app/src/main/java/game/sanguo/mobile/MapEditorActivity.java,102,setPositiveButton,"""返回地图"",null).show()",NOT_RUN,Source inventory only; see grouped matrix for scoped executions
UI-0347,app/src/main/java/game/sanguo/mobile/MapEditorActivity.java,102,setNegativeButton,"""返回"",null).show()",NOT_RUN,Source inventory only; see grouped matrix for scoped executions
UI-0348,app/src/main/java/game/sanguo/mobile/MapEditorActivity.java,103,setPositiveButton,"""返回"",null).show())",NOT_RUN,Source inventory only; see grouped matrix for scoped executions
UI-0349,app/src/main/java/game/sanguo/mobile/MapEditorActivity.java,104,setItems,"new String[]{""保存草稿"",""检查并保存为自定义地图"",""新建原版副本"",""读取已保存地图"",""重命名当前草稿"",""删除已保存地图"",""恢复原版草稿"",""导出增量JSON"",""导入增量JSON"",""返回游戏""},(d,n)->{switch(n){case 0:saveDraft()",NOT_RUN,Source inventory only; see grouped matrix for scoped executions
UI-0350,app/src/main/java/game/sanguo/mobile/MapEditorActivity.java,107,setNegativeButton,"""取消"",null).setPositiveButton(""保存名称"",(d,n)->{MapPatch p=session.patch()",NOT_RUN,Source inventory only; see grouped matrix for scoped executions
UI-0351,app/src/main/java/game/sanguo/mobile/MapEditorActivity.java,108,setItems,"entries.stream().map(MapLibrary.Entry::label).toArray(String[]::new),(d,n)->{MapLibrary.Entry entry=entries.get(n)",NOT_RUN,Source inventory only; see grouped matrix for scoped executions
UI-0352,app/src/main/java/game/sanguo/mobile/MapEditorActivity.java,108,setNegativeButton,"""取消"",null).setPositiveButton(""删除地图"",(d2,n2)->work(""删除地图库修订"",()->{library.delete(entry.id())",NOT_RUN,Source inventory only; see grouped matrix for scoped executions
UI-0353,app/src/main/java/game/sanguo/mobile/MapEditorActivity.java,115,setNegativeButton,"""取消"",null)",NOT_RUN,Source inventory only; see grouped matrix for scoped executions
UI-0354,app/src/main/java/game/sanguo/mobile/MapEditorActivity.java,116,setPositiveButton,"""替换草稿（可撤销）"",(d,n)->change(""导入Patch"",()->{session.replace(""导入Patch"",p)",NOT_RUN,Source inventory only; see grouped matrix for scoped executions
UI-0355,app/src/main/java/game/sanguo/mobile/MapEditorActivity.java,117,setPositiveButton,"""明确作为新地图"",(d,n)->{MapPatch fork=p.copy()",NOT_RUN,Source inventory only; see grouped matrix for scoped executions
UI-0356,app/src/main/java/game/sanguo/mobile/MapEditorActivity.java,126,setPositiveButton,"""返回"",null)",NOT_RUN,Source inventory only; see grouped matrix for scoped executions
UI-0357,app/src/main/java/game/sanguo/mobile/MapEditorActivity.java,126,setNeutralButton,"""保留旧文件并新建"",(d,n)->work(""保留恢复副本并建立新草稿"",()->{library.archiveDraft()",NOT_RUN,Source inventory only; see grouped matrix for scoped executions
UI-0358,app/src/main/java/game/sanguo/mobile/MapEditorActivity.java,127,setNegativeButton,"""取消"",null).setNeutralButton(""不保存退出"",(d,n)->{discardOnExit=true",NOT_RUN,Source inventory only; see grouped matrix for scoped executions
UI-0359,app/src/main/java/game/sanguo/mobile/MapEditorActivity.java,127,setPositiveButton,"""保存并退出"",(d,n)->{MapPatch p=session.patch()",NOT_RUN,Source inventory only; see grouped matrix for scoped executions
UI-0360,app/src/main/java/game/sanguo/mobile/OverviewUi.java,23,button,"label,v->new AlertDialog.Builder(a).setTitle(label).setItems(labels,(d,i)->choose.accept(i)).setNegativeButton(""取消"",null).show()),new LinearLayout.LayoutParams(-1,a.dp(48)))",NOT_RUN,Source inventory only; see grouped matrix for scoped executions
UI-0361,app/src/main/java/game/sanguo/mobile/OverviewUi.java,73,button,"""‹"",v->adapter.changePage(adapter.page-1)),next=a.button(""›"",v->adapter.changePage(adapter.page+1))",NOT_RUN,Source inventory only; see grouped matrix for scoped executions
UI-0362,app/src/main/java/game/sanguo/mobile/OverviewUi.java,74,button,""""",v->{EditText input=new EditText(a)",NOT_RUN,Source inventory only; see grouped matrix for scoped executions
UI-0363,app/src/main/java/game/sanguo/mobile/OverviewUi.java,74,setPositiveButton,"""跳转"",(d,n)->{try{adapter.changePage(Integer.parseInt(input.getText().toString())-1)",NOT_RUN,Source inventory only; see grouped matrix for scoped executions
UI-0364,app/src/main/java/game/sanguo/mobile/OverviewUi.java,74,setNegativeButton,"""取消"",null).show()",NOT_RUN,Source inventory only; see grouped matrix for scoped executions
UI-0365,app/src/main/java/game/sanguo/mobile/OverviewUi.java,75,button,"adapter.size()+""条"",v->new AlertDialog.Builder(a).setTitle(""每页条数"").setItems(new String[]{""20条"",""50条"",""100条""},(d,n)->{state.listPageSize=new int[]{20,50,100}[n]",NOT_RUN,Source inventory only; see grouped matrix for scoped executions
UI-0366,app/src/main/java/game/sanguo/mobile/OverviewUi.java,75,setNegativeButton,"""取消"",null).show())",NOT_RUN,Source inventory only; see grouped matrix for scoped executions
UI-0367,app/src/main/java/game/sanguo/mobile/OverviewUi.java,86,setPositiveButton,"""查看相关任务"",(d,n)->{state.taskQuery=city.name",NOT_RUN,Source inventory only; see grouped matrix for scoped executions
UI-0368,app/src/main/java/game/sanguo/mobile/OverviewUi.java,86,setNegativeButton,"""返回"",null).show()",NOT_RUN,Source inventory only; see grouped matrix for scoped executions
UI-0369,app/src/main/java/game/sanguo/mobile/OverviewUi.java,108,button,"""排序 · ""+sorts[state.citySort],v->new AlertDialog.Builder(a).setTitle(""城市排序"").setItems(sorts,(d,i)->{state.citySort=i",NOT_RUN,Source inventory only; see grouped matrix for scoped executions
UI-0370,app/src/main/java/game/sanguo/mobile/OverviewUi.java,108,setNegativeButton,"""取消"",null).show()),new LinearLayout.LayoutParams(0,a.dp(48),1))",NOT_RUN,Source inventory only; see grouped matrix for scoped executions
UI-0371,app/src/main/java/game/sanguo/mobile/OverviewUi.java,111,button,"state.cityOwner==-1?""全部城池"":state.cityOwner==-2?""中立城池"":w.faction(state.cityOwner),v->new AlertDialog.Builder(a).setTitle(""所属势力"").setItems(owners,(dialog,i)->{state.cityOwner=i==0?-1:i==1?-2:i-2",NOT_RUN,Source inventory only; see grouped matrix for scoped executions
UI-0372,app/src/main/java/game/sanguo/mobile/OverviewUi.java,111,setNegativeButton,"""取消"",null).show()),new LinearLayout.LayoutParams(0,a.dp(48),1))",NOT_RUN,Source inventory only; see grouped matrix for scoped executions
UI-0373,app/src/main/java/game/sanguo/mobile/OverviewUi.java,112,button,"""筛选 · ""+CityOverview.FILTERS[state.cityFilter],v->new AlertDialog.Builder(a).setTitle(""全国管理筛选"").setItems(new String[]{""城池状态"",""所属军团"",""批量划入军团"",""军团经营总览""},(dialog,n)->{",NOT_RUN,Source inventory only; see grouped matrix for scoped executions
UI-0374,app/src/main/java/game/sanguo/mobile/OverviewUi.java,113,setItems,"CityOverview.FILTERS,(d,i)->{state.cityFilter=i",NOT_RUN,Source inventory only; see grouped matrix for scoped executions
UI-0375,app/src/main/java/game/sanguo/mobile/OverviewUi.java,113,setNegativeButton,"""取消"",null).show()",NOT_RUN,Source inventory only; see grouped matrix for scoped executions
UI-0376,app/src/main/java/game/sanguo/mobile/OverviewUi.java,114,setItems,"labels,(d,i)->{state.cityDistrict=i==0?-1:i==1?0:groups.get(i-2).id",NOT_RUN,Source inventory only; see grouped matrix for scoped executions
UI-0377,app/src/main/java/game/sanguo/mobile/OverviewUi.java,114,setNegativeButton,"""取消"",null).show()",NOT_RUN,Source inventory only; see grouped matrix for scoped executions
UI-0378,app/src/main/java/game/sanguo/mobile/OverviewUi.java,117,setNegativeButton,"""返回"",null).show()),new LinearLayout.LayoutParams(0,a.dp(48),1))",NOT_RUN,Source inventory only; see grouped matrix for scoped executions
UI-0379,app/src/main/java/game/sanguo/mobile/OverviewUi.java,126,setPositiveButton,"""返回"",null).show())",NOT_RUN,Source inventory only; see grouped matrix for scoped executions
UI-0380,app/src/main/java/game/sanguo/mobile/OverviewUi.java,132,button,"state.owner==-2?""在野武将"":state.owner<0?""全部势力"":w.faction(state.owner),v->{String[] labels=new String[w.factions.length+2]",NOT_RUN,Source inventory only; see grouped matrix for scoped executions
UI-0381,app/src/main/java/game/sanguo/mobile/OverviewUi.java,132,setItems,"labels,(d,i)->{state.owner=i==w.factions.length+1?-2:i-1",NOT_RUN,Source inventory only; see grouped matrix for scoped executions
UI-0382,app/src/main/java/game/sanguo/mobile/OverviewUi.java,133,button,"state.city<0?""全部据点"":w.city(state.city).name,v->{List<World.City> all=new ArrayList<>(w.cities)",NOT_RUN,Source inventory only; see grouped matrix for scoped executions
UI-0383,app/src/main/java/game/sanguo/mobile/OverviewUi.java,134,button,"""清除"",v->{state.city=-1",NOT_RUN,Source inventory only; see grouped matrix for scoped executions
UI-0384,app/src/main/java/game/sanguo/mobile/OverviewUi.java,145,setNegativeButton,"""返回"",null)",NOT_RUN,Source inventory only; see grouped matrix for scoped executions
UI-0385,app/src/main/java/game/sanguo/mobile/OverviewUi.java,146,setPositiveButton,"""定位目的地"",(d,n)->a.selectAndFocus(t.location))",NOT_RUN,Source inventory only; see grouped matrix for scoped executions
UI-0386,app/src/main/java/game/sanguo/mobile/OverviewUi.java,147,setPositiveButton,"""定位援军"",(d,n)->a.selectAndFocus(t.location))",NOT_RUN,Source inventory only; see grouped matrix for scoped executions
UI-0387,app/src/main/java/game/sanguo/mobile/OverviewUi.java,147,setNeutralButton,"""援军详情"",(d,n)->new DiplomacyUi(a,w,a::applyResult).missions(t.aid.ally))",NOT_RUN,Source inventory only; see grouped matrix for scoped executions
UI-0388,app/src/main/java/game/sanguo/mobile/OverviewUi.java,148,setPositiveButton,"""定位部队"",(d,n)->a.selectAndFocus(t.location))",NOT_RUN,Source inventory only; see grouped matrix for scoped executions
UI-0389,app/src/main/java/game/sanguo/mobile/OverviewUi.java,148,setNeutralButton,"""停止行军"",(d,n)->a.applyResult(w,()->w.marches.stop(t.marching.id)))",NOT_RUN,Source inventory only; see grouped matrix for scoped executions
UI-0390,app/src/main/java/game/sanguo/mobile/OverviewUi.java,149,setPositiveButton,"""定位城池"",(d,n)->a.selectAndFocus(w.city(t.facility.cityId).hex))",NOT_RUN,Source inventory only; see grouped matrix for scoped executions
UI-0391,app/src/main/java/game/sanguo/mobile/OverviewUi.java,149,setNeutralButton,"""管理设施"",(d,n)->a.domesticUi().facility(t.facility))",NOT_RUN,Source inventory only; see grouped matrix for scoped executions
UI-0392,app/src/main/java/game/sanguo/mobile/OverviewUi.java,150,setPositiveButton,"""制造详情"",(d,n)->new ArmyUi(a,w,a::applyResult,a::selectAndFocus).production(t.production))",NOT_RUN,Source inventory only; see grouped matrix for scoped executions
UI-0393,app/src/main/java/game/sanguo/mobile/OverviewUi.java,151,setPositiveButton,"""定位研究城市"",(d,n)->a.selectAndFocus(w.city(t.project.cityId).hex))",NOT_RUN,Source inventory only; see grouped matrix for scoped executions
UI-0394,app/src/main/java/game/sanguo/mobile/OverviewUi.java,152,setPositiveButton,"""定位城市"",(d,n)->a.selectAndFocus(t.location))",NOT_RUN,Source inventory only; see grouped matrix for scoped executions
UI-0395,app/src/main/java/game/sanguo/mobile/OverviewUi.java,152,setNeutralButton,"""PK进度"",(d,n)->new AbilityUi(a,w,a::applyResult).progress(w.city(t.abilityResearch!=null?t.abilityResearch.cityId:t.abilityTraining.cityId)))",NOT_RUN,Source inventory only; see grouped matrix for scoped executions
UI-0396,app/src/main/java/game/sanguo/mobile/OverviewUi.java,153,setPositiveButton,"""定位目的地"",(d,n)->a.selectAndFocus(w.city(t.mission.targetCity).hex))",NOT_RUN,Source inventory only; see grouped matrix for scoped executions
UI-0397,app/src/main/java/game/sanguo/mobile/OverviewUi.java,153,setNeutralButton,"""起点 / 改道"",(d,n)->new AlertDialog.Builder(a).setTitle(""任务操作"").setItems(new String[]{""定位起点"",""定位当前位置"",""改道 / 返回""},(x,i)->{if(i==0)a.selectAndFocus(w.city(t.mission.sourceCity).hex)",NOT_RUN,Source inventory only; see grouped matrix for scoped executions
UI-0398,app/src/main/java/game/sanguo/mobile/RealmUi.java,34,button,"names[i],v->a.openRealmPage(key,-1))",NOT_RUN,Source inventory only; see grouped matrix for scoped executions
UI-0399,app/src/main/java/game/sanguo/mobile/RealmUi.java,40,button,"owner()<0?""全部势力"":w.faction(owner()),v->{String[] labels=new String[w.factions.length+1]",NOT_RUN,Source inventory only; see grouped matrix for scoped executions
UI-0400,app/src/main/java/game/sanguo/mobile/RealmUi.java,41,setItems,"labels,(d,i)->{state.listPages.putInt(state.page+""Owner"",i-1)",NOT_RUN,Source inventory only; see grouped matrix for scoped executions
UI-0401,app/src/main/java/game/sanguo/mobile/RealmUi.java,42,button,"""仅己方"",v->{state.listPages.putInt(state.page+""Owner"",w.player)",NOT_RUN,Source inventory only; see grouped matrix for scoped executions
UI-0402,app/src/main/java/game/sanguo/mobile/RealmUi.java,43,button,"""全部"",v->{state.listPages.putInt(state.page+""Owner"",-1)",NOT_RUN,Source inventory only; see grouped matrix for scoped executions
UI-0403,app/src/main/java/game/sanguo/mobile/RealmUi.java,76,setPositiveButton,"""定位部队"",(d,n)->a.selectUnitAndFocus(u.id)).setNeutralButton(""主将详情"",(d,n)->{World.Officer o=w.officer(u.officerId)",NOT_RUN,Source inventory only; see grouped matrix for scoped executions
UI-0404,app/src/main/java/game/sanguo/mobile/RealmUi.java,76,setNegativeButton,"""返回"",null).show()",NOT_RUN,Source inventory only; see grouped matrix for scoped executions
UI-0405,app/src/main/java/game/sanguo/mobile/RealmUi.java,93,setPositiveButton,"""定位"",(d,i)->a.selectAndFocus(b.hex)).setNegativeButton(""返回"",null).show())",NOT_RUN,Source inventory only; see grouped matrix for scoped executions
UI-0406,app/src/main/java/game/sanguo/mobile/RealmUi.java,102,button,"""设定国号"",v->nameNation(side))",NOT_RUN,Source inventory only; see grouped matrix for scoped executions
UI-0407,app/src/main/java/game/sanguo/mobile/RealmUi.java,108,button,"labels[i],v->show.accept(index))",NOT_RUN,Source inventory only; see grouped matrix for scoped executions
UI-0408,app/src/main/java/game/sanguo/mobile/RealmUi.java,109,setNegativeButton,"""返回"",null)",NOT_RUN,Source inventory only; see grouped matrix for scoped executions
UI-0409,app/src/main/java/game/sanguo/mobile/RealmUi.java,110,setPositiveButton,"""选定此势力"",(d,n)->choose.run())",NOT_RUN,Source inventory only; see grouped matrix for scoped executions
UI-0410,app/src/main/java/game/sanguo/mobile/RealmUi.java,111,setNeutralButton,"""旗下列表"",(d,n)->new AlertDialog.Builder(a).setTitle(f.name+"" · 查看"").setItems(new String[]{""部队"",""武将"",""城池"",""港口"",""关卡"",""设施""},(x,i)->a.openRealmPage(new String[]{""units"",""officers"",""cities"",""ports"",""gates"",""",NOT_RUN,Source inventory only; see grouped matrix for scoped executions
UI-0411,app/src/main/java/game/sanguo/mobile/RealmUi.java,121,button,"""查看爵位 / 文武官职对照"",v->OfficePicker.showTitleTable(a))",NOT_RUN,Source inventory only; see grouped matrix for scoped executions
UI-0412,app/src/main/java/game/sanguo/mobile/RealmUi.java,133,setPositiveButton,"""确定"",null).setNegativeButton(""取消"",null).create()",NOT_RUN,Source inventory only; see grouped matrix for scoped executions
UI-0413,app/src/main/java/game/sanguo/mobile/RealmUi.java,148,button,"(t.prerequisite==null?"""":""↳ "")+t.label+""  ·  ""+status,v->new AlertDialog.Builder(a).setTitle(t.label).setMessage(t.effect+""\n前置：""+(t.prerequisite==null?""无"":t.prerequisite.label)+""\n技巧点 ""+t.points+"" · ",NOT_RUN,Source inventory only; see grouped matrix for scoped executions
UI-0414,app/src/main/java/game/sanguo/mobile/RealmUi.java,148,setPositiveButton,"""返回"",null).show())",NOT_RUN,Source inventory only; see grouped matrix for scoped executions
UI-0415,app/src/main/java/game/sanguo/mobile/RealmUi.java,162,button,"n.label+"" · ""+status,v->new AlertDialog.Builder(a).setTitle(n.label).setMessage(info).setPositiveButton(""返回"",null).show())",NOT_RUN,Source inventory only; see grouped matrix for scoped executions
UI-0416,app/src/main/java/game/sanguo/mobile/StrategyUi.java,16,setPositiveButton,"""返回"",null).show()",NOT_RUN,Source inventory only; see grouped matrix for scoped executions
UI-0417,app/src/main/java/game/sanguo/mobile/StrategyUi.java,19,setPositiveButton,"""执行"",(d,n)->action.run()).setNegativeButton(""取消"",null).show()",NOT_RUN,Source inventory only; see grouped matrix for scoped executions
UI-0418,app/src/main/java/game/sanguo/mobile/StrategyUi.java,25,setItems,"labels,(d,n)->command(c,n)).setNegativeButton(""返回"",null).show()",NOT_RUN,Source inventory only; see grouped matrix for scoped executions
UI-0419,app/src/main/java/game/sanguo/mobile/StrategyUi.java,73,setPositiveButton,"""确认选择"",null).setNeutralButton(""全选"",null).setNegativeButton(""取消"",null).create()",NOT_RUN,Source inventory only; see grouped matrix for scoped executions
UI-0420,app/src/main/java/game/sanguo/mobile/StrategyUi.java,96,setNegativeButton,"""取消"",null).create()",NOT_RUN,Source inventory only; see grouped matrix for scoped executions
UI-0421,app/src/main/java/game/sanguo/mobile/WarUi.java,12,setPositiveButton,"""返回"",null).show()",NOT_RUN,Source inventory only; see grouped matrix for scoped executions
UI-0422,app/src/main/java/game/sanguo/mobile/WarUi.java,33,setItems,"labels,(d,i)->{",NOT_RUN,Source inventory only; see grouped matrix for scoped executions
UI-0423,app/src/main/java/game/sanguo/mobile/WarUi.java,44,setNegativeButton,"""取消"",null).show()",NOT_RUN,Source inventory only; see grouped matrix for scoped executions
UI-0424,app/src/main/java/game/sanguo/mobile/WarUi.java,54,setItems,"names,(d,i)->{",NOT_RUN,Source inventory only; see grouped matrix for scoped executions
UI-0425,app/src/main/java/game/sanguo/mobile/WarUi.java,60,setNegativeButton,"""取消"",null).show()",NOT_RUN,Source inventory only; see grouped matrix for scoped executions
UI-0426,app/src/main/java/game/sanguo/mobile/WorldUi.java,12,setPositiveButton,"""返回"",null).show()",NOT_RUN,Source inventory only; see grouped matrix for scoped executions
UI-0427,app/src/main/java/game/sanguo/mobile/WorldUi.java,15,setItems,"new String[]{""军团编制"",""灾害与贼患"",""随机事件 · ""+(w.events.enabled()?""已开启"":""已关闭""),""军情评估""},(d,n)->{",NOT_RUN,Source inventory only; see grouped matrix for scoped executions
UI-0428,app/src/main/java/game/sanguo/mobile/WorldUi.java,17,setNegativeButton,"""返回"",null).show()",NOT_RUN,Source inventory only; see grouped matrix for scoped executions
UI-0429,app/src/main/java/game/sanguo/mobile/WorldUi.java,25,setPositiveButton,"""返回"",null).show()",NOT_RUN,Source inventory only; see grouped matrix for scoped executions
UI-0430,app/src/main/java/game/sanguo/mobile/WorldUi.java,29,setItems,"names,(dialog,n)->{if(n==0)members(null)",NOT_RUN,Source inventory only; see grouped matrix for scoped executions
UI-0431,app/src/main/java/game/sanguo/mobile/WorldUi.java,29,setNegativeButton,"""返回"",null).show()",NOT_RUN,Source inventory only; see grouped matrix for scoped executions
UI-0432,app/src/main/java/game/sanguo/mobile/WorldUi.java,37,setPositiveButton,"""管理""+parent.name,(d,n)->city(parent)).setNegativeButton(""返回"",null).show()",NOT_RUN,Source inventory only; see grouped matrix for scoped executions
UI-0433,app/src/main/java/game/sanguo/mobile/WorldUi.java,42,setItems,"new String[]{""快速托管内政（新军团）"",""编入已有军团"",""自定义军团""},(d,n)->{",NOT_RUN,Source inventory only; see grouped matrix for scoped executions
UI-0434,app/src/main/java/game/sanguo/mobile/WorldUi.java,50,setNegativeButton,"""返回"",null).show()",NOT_RUN,Source inventory only; see grouped matrix for scoped executions
UI-0435,app/src/main/java/game/sanguo/mobile/WorldUi.java,59,setPositiveButton,"""预览托管"",(d,n)->{List<Integer> selected=new ArrayList<>()",NOT_RUN,Source inventory only; see grouped matrix for scoped executions
UI-0436,app/src/main/java/game/sanguo/mobile/WorldUi.java,59,setNegativeButton,"""取消"",null).show()",NOT_RUN,Source inventory only; see grouped matrix for scoped executions
UI-0437,app/src/main/java/game/sanguo/mobile/WorldUi.java,83,setPositiveButton,"""重编"",(dialog,n)->members(d)).setNeutralButton(""撤销军团"",(dialog,n)->confirm(""撤销""+d.name(),""消耗第一军团20行动力。全部据点、部队恢复直接指挥，余下军团行动力作废。"",()->apply.execute(w,()->w.districts.dissolve(d.id)))).setNegativeButton(""返",NOT_RUN,Source inventory only; see grouped matrix for scoped executions
UI-0438,app/src/main/java/game/sanguo/mobile/WorldUi.java,98,setPositiveButton,"""预览"",(d,n)->{",NOT_RUN,Source inventory only; see grouped matrix for scoped executions
UI-0439,app/src/main/java/game/sanguo/mobile/WorldUi.java,113,setNegativeButton,"""取消"",null).show()",NOT_RUN,Source inventory only; see grouped matrix for scoped executions
UI-0440,app/src/main/java/game/sanguo/mobile/WorldUi.java,122,setPositiveButton,"""预览设置"",(dialog,n)->{try{",NOT_RUN,Source inventory only; see grouped matrix for scoped executions
UI-0441,app/src/main/java/game/sanguo/mobile/WorldUi.java,125,setNegativeButton,"""取消"",null).show()",NOT_RUN,Source inventory only; see grouped matrix for scoped executions
UI-0442,app/src/main/java/game/sanguo/mobile/WorldUi.java,131,setPositiveButton,"""下一步"",(d,n)->{",NOT_RUN,Source inventory only; see grouped matrix for scoped executions
UI-0443,app/src/main/java/game/sanguo/mobile/WorldUi.java,135,setNegativeButton,"""取消"",null).show()",NOT_RUN,Source inventory only; see grouped matrix for scoped executions
UI-0444,app/src/main/java/game/sanguo/mobile/WorldUi.java,150,setPositiveButton,"""预览编制"",(dialog,n)->{",NOT_RUN,Source inventory only; see grouped matrix for scoped executions
UI-0445,app/src/main/java/game/sanguo/mobile/WorldUi.java,156,setNegativeButton,"""取消"",null).show()",NOT_RUN,Source inventory only; see grouped matrix for scoped executions
UI-0446,app/src/main/java/game/sanguo/mobile/WorldUi.java,159,setPositiveButton,"""贼寨一览"",(d,n)->choose(""贼寨"",w.events.camps(),c->c.tribe.label+"" · ""+w.city(c.city).name,c->camp(c))).setNegativeButton(""返回"",null).show()",NOT_RUN,Source inventory only; see grouped matrix for scoped executions
