variant,synthetic_seconds,thermal_status,constrained,cap_fps,scale,transitions
baseline,0,3,true,30,0.7,1
baseline,1,1,false,60,1.0,2
baseline,2,3,true,30,0.7,3
baseline,3,1,false,60,1.0,4
baseline,4,3,true,30,0.7,5
baseline,5,1,false,60,1.0,6
baseline,6,3,true,30,0.7,7
baseline,7,1,false,60,1.0,8
baseline,8,3,true,30,0.7,9
baseline,9,1,false,60,1.0,10
baseline,10,3,true,30,0.7,11
baseline,11,1,false,60,1.0,12
baseline,12,3,true,30,0.7,13
baseline,13,1,false,60,1.0,14
baseline,14,3,true,30,0.7,15
baseline,15,1,false,60,1.0,16
baseline,16,3,true,30,0.7,17
baseline,17,1,false,60,1.0,18
baseline,18,3,true,30,0.7,19
baseline,19,1,false,60,1.0,20
baseline,20,3,true,30,0.7,21
baseline,21,1,false,60,1.0,22
baseline,22,3,true,30,0.7,23
baseline,23,1,false,60,1.0,24
baseline,24,3,true,30,0.7,25
baseline,25,1,false,60,1.0,26
baseline,26,3,true,30,0.7,27
baseline,27,1,false,60,1.0,28
baseline,28,3,true,30,0.7,29
baseline,29,1,false,60,1.0,30
baseline,30,3,true,30,0.7,31
baseline,31,1,false,60,1.0,32
baseline,32,3,true,30,0.7,33
baseline,33,1,false,60,1.0,34
baseline,34,3,true,30,0.7,35
baseline,35,1,false,60,1.0,36
baseline,36,3,true,30,0.7,37
baseline,37,1,false,60,1.0,38
baseline,38,3,true,30,0.7,39
baseline,39,1,false,60,1.0,40
baseline,40,3,true,30,0.7,41
baseline,41,1,false,60,1.0,42
baseline,42,3,true,30,0.7,43
baseline,43,1,false,60,1.0,44
baseline,44,3,true,30,0.7,45
baseline,45,1,false,60,1.0,46
baseline,46,3,true,30,0.7,47
baseline,47,1,false,60,1.0,48
baseline,48,3,true,30,0.7,49
baseline,49,1,false,60,1.0,50
baseline,50,3,true,30,0.7,51
baseline,51,1,false,60,1.0,52
baseline,52,3,true,30,0.7,53
baseline,53,1,false,60,1.0,54
baseline,54,3,true,30,0.7,55
baseline,55,1,false,60,1.0,56
baseline,56,3,true,30,0.7,57
baseline,57,1,false,60,1.0,58
baseline,58,3,true,30,0.7,59
baseline,59,1,false,60,1.0,60
baseline,60,1,false,60,1.0,60
baseline,61,1,false,60,1.0,60
baseline,62,1,false,60,1.0,60
baseline,63,1,false,60,1.0,60
baseline,64,1,false,60,1.0,60
baseline,65,1,false,60,1.0,60
baseline,66,1,false,60,1.0,60
baseline,67,1,false,60,1.0,60
baseline,68,1,false,60,1.0,60
baseline,69,1,false,60,1.0,60
baseline,70,1,false,60,1.0,60
baseline,71,1,false,60,1.0,60
baseline,72,1,false,60,1.0,60
baseline,73,1,false,60,1.0,60
baseline,74,1,false,60,1.0,60
baseline,75,1,false,60,1.0,60
baseline,76,1,false,60,1.0,60
baseline,77,1,false,60,1.0,60
baseline,78,1,false,60,1.0,60
baseline,79,1,false,60,1.0,60
baseline,80,1,false,60,1.0,60
baseline,81,1,false,60,1.0,60
baseline,82,1,false,60,1.0,60
baseline,83,1,false,60,1.0,60
baseline,84,1,false,60,1.0,60
baseline,85,1,false,60,1.0,60
baseline,86,1,false,60,1.0,60
baseline,87,1,false,60,1.0,60
baseline,88,1,false,60,1.0,60
baseline,89,1,false,60,1.0,60
baseline,90,1,false,60,1.0,60
baseline,91,1,false,60,1.0,60
baseline,92,1,false,60,1.0,60
baseline,93,1,false,60,1.0,60
baseline,94,1,false,60,1.0,60
baseline,95,1,false,60,1.0,60
baseline,96,1,false,60,1.0,60
baseline,97,1,false,60,1.0,60
baseline,98,1,false,60,1.0,60
baseline,99,1,false,60,1.0,60
candidate,0,3,true,30,0.7,1
candidate,1,1,true,30,0.7,1
candidate,2,3,true,30,0.7,1
candidate,3,1,true,30,0.7,1
candidate,4,3,true,30,0.7,1
candidate,5,1,true,30,0.7,1
candidate,6,3,true,30,0.7,1
candidate,7,1,true,30,0.7,1
candidate,8,3,true,30,0.7,1
candidate,9,1,true,30,0.7,1
candidate,10,3,true,30,0.7,1
candidate,11,1,true,30,0.7,1
candidate,12,3,true,30,0.7,1
candidate,13,1,true,30,0.7,1
candidate,14,3,true,30,0.7,1
candidate,15,1,true,30,0.7,1
candidate,16,3,true,30,0.7,1
candidate,17,1,true,30,0.7,1
candidate,18,3,true,30,0.7,1
candidate,19,1,true,30,0.7,1
candidate,20,3,true,30,0.7,1
candidate,21,1,true,30,0.7,1
candidate,22,3,true,30,0.7,1
candidate,23,1,true,30,0.7,1
candidate,24,3,true,30,0.7,1
candidate,25,1,true,30,0.7,1
candidate,26,3,true,30,0.7,1
candidate,27,1,true,30,0.7,1
candidate,28,3,true,30,0.7,1
candidate,29,1,true,30,0.7,1
candidate,30,3,true,30,0.7,1
candidate,31,1,true,30,0.7,1
candidate,32,3,true,30,0.7,1
candidate,33,1,true,30,0.7,1
candidate,34,3,true,30,0.7,1
candidate,35,1,true,30,0.7,1
candidate,36,3,true,30,0.7,1
candidate,37,1,true,30,0.7,1
candidate,38,3,true,30,0.7,1
candidate,39,1,true,30,0.7,1
candidate,40,3,true,30,0.7,1
candidate,41,1,true,30,0.7,1
candidate,42,3,true,30,0.7,1
candidate,43,1,true,30,0.7,1
candidate,44,3,true,30,0.7,1
candidate,45,1,true,30,0.7,1
candidate,46,3,true,30,0.7,1
candidate,47,1,true,30,0.7,1
candidate,48,3,true,30,0.7,1
candidate,49,1,true,30,0.7,1
candidate,50,3,true,30,0.7,1
candidate,51,1,true,30,0.7,1
candidate,52,3,true,30,0.7,1
candidate,53,1,true,30,0.7,1
candidate,54,3,true,30,0.7,1
candidate,55,1,true,30,0.7,1
candidate,56,3,true,30,0.7,1
candidate,57,1,true,30,0.7,1
candidate,58,3,true,30,0.7,1
candidate,59,1,true,30,0.7,1
candidate,60,1,true,30,0.7,1
candidate,61,1,true,30,0.7,1
candidate,62,1,true,30,0.7,1
candidate,63,1,true,30,0.7,1
candidate,64,1,true,30,0.7,1
candidate,65,1,true,30,0.7,1
candidate,66,1,true,30,0.7,1
candidate,67,1,true,30,0.7,1
candidate,68,1,true,30,0.7,1
candidate,69,1,true,30,0.7,1
candidate,70,1,true,30,0.7,1
candidate,71,1,true,30,0.7,1
candidate,72,1,true,30,0.7,1
candidate,73,1,true,30,0.7,1
candidate,74,1,true,30,0.7,1
candidate,75,1,true,30,0.7,1
candidate,76,1,true,30,0.7,1
candidate,77,1,true,30,0.7,1
candidate,78,1,true,30,0.7,1
candidate,79,1,true,30,0.7,1
candidate,80,1,true,30,0.7,1
candidate,81,1,true,30,0.7,1
candidate,82,1,true,30,0.7,1
candidate,83,1,true,30,0.7,1
candidate,84,1,true,30,0.7,1
candidate,85,1,true,30,0.7,1
candidate,86,1,true,30,0.7,1
candidate,87,1,true,30,0.7,1
candidate,88,1,true,30,0.7,1
candidate,89,1,false,60,1.0,2
candidate,90,1,false,60,1.0,2
candidate,91,1,false,60,1.0,2
candidate,92,1,false,60,1.0,2
candidate,93,1,false,60,1.0,2
candidate,94,1,false,60,1.0,2
candidate,95,1,false,60,1.0,2
candidate,96,1,false,60,1.0,2
candidate,97,1,false,60,1.0,2
candidate,98,1,false,60,1.0,2
candidate,99,1,false,60,1.0,2
