project_id	native_ids	name	growth0	growth1	growth2	growth3	growth4
1000	635	劉備	4	4	4	4	4
1001	98	關羽	0	0	1	1	1
1002	432	張飛	1	0	8	4	5
1003	395	趙雲	1	1	1	1	1
1004	289	諸葛亮	0	1	0	0	0
1005	185	黃忠	6	6	6	6	6
2000	343	曹操	0	1	0	0	0
2001	85	夏侯惇	1	1	1	4	1
2002	254	荀彧	5	4	0	0	5
2003	78	夏侯淵	1	1	1	4	1
2004	439	張遼	1	1	1	1	1
2005	63	郭嘉	3	3	3	3	3
3000	367	孫權	4	4	5	5	5
3001	245	周瑜	3	3	3	3	3
3002	667	魯肅	4	4	5	5	4
3003	118	甘寧	1	1	4	4	1
3004	389	太史慈	5	5	4	4	4
3005	661	呂蒙	4	4	6	6	4
10000	0	阿會喃	4	4	4	4	4
10001	1	韋昭	4	4	4	5	4
10002	2	伊籍	4	4	4	4	5
10003	3	尹賞	4	4	4	4	4
10004	4	尹大目	4	4	4	4	4
10005	5	尹默	4	4	4	4	4
10006	6	于禁	5	5	4	4	4
10007	7	于詮	4	4	4	4	4
10008	8	衛瓘	4	4	4	4	4
10009	9	袁遺	4	4	4	4	4
10010	10	袁胤	4	4	4	4	4
10011	11	閻宇	4	4	4	4	4
10012	12	袁渙	4	4	6	6	4
10013	13	袁熙	4	4	4	4	4
10014	14	閻行	4	4	4	4	4
10015	15	閻柔	4	4	3	4	0
10016	16	袁術	4	4	4	4	4
10017	17	袁尚	4	4	4	4	4
10018	18	袁紹	4	4	4	4	4
10019	19	閻象	4	4	4	4	4
10020	20	袁譚	4	4	4	4	4
10021	21	閻圃	4	4	4	4	4
10022	22	袁燿	4	4	4	4	4
10023	23	王威	4	4	4	4	4
10024	24	王異	4	4	5	4	5
10025	25	王允	4	4	6	6	4
10026	26	王基	4	4	4	4	4
10027	27	王頎	4	4	4	4	4
10028	28	王匡	4	4	4	4	4
10029	29	王業	4	4	4	4	4
10030	30	王經	4	4	4	4	4
10031	31	王伉	4	4	4	4	4
10032	32	王渾	4	4	4	4	4
10033	33	王粲	4	4	3	3	4
10034	34	王修	4	4	4	4	4
10035	35	王戎	4	4	4	4	4
10036	36	王肅	4	4	4	4	4
10037	37	王濬	6	6	6	6	5
10038	38	王祥	4	4	4	4	4
10039	39	區星	2	2	2	2	2
10040	40	王雙	4	4	4	4	4
10041	41	王忠	4	4	4	4	4
10042	42	王昶	4	4	4	4	4
10043	43	王韜	4	4	4	4	4
10044	44	王惇	4	4	4	4	4
10045	45	王平	4	4	4	4	4
10046	46	王甫	4	4	4	4	4
10047	47	王門	4	4	4	4	4
10048	48	王淩	4	4	4	4	4
10049	49	王累	4	4	4	4	4
10050	50	王朗	4	4	5	5	5
10051	51	溫恢	4	4	4	4	4
10052	52	何晏	4	4	4	4	4
10053	53	蒯越	4	4	4	4	4
10054	54	蒯良	4	4	4	4	4
10055	55	賈華	4	4	4	4	4
10056	56	華覈	4	4	4	4	4
10057	57	賈逵	1	1	1	1	1
10058	58	何儀	4	4	4	4	4
10059	59	華歆	4	4	4	4	4
10060	60	賈詡	1	1	1	1	1
10061	61	郭奕	4	4	4	4	4
10062	62	郭援	4	4	4	4	4
10064	64	鄂煥	4	4	4	4	4
10065	65	郭汜	4	4	4	4	4
10066	66	樂就	4	4	4	4	4
10067	67	霍峻	4	4	4	4	4
10068	68	郝昭	4	4	4	4	4
10069	69	樂進	5	5	4	4	4
10070	70	樂綝	4	4	4	4	4
10071	71	郭圖	4	4	4	4	4
10072	72	郭馬	4	4	4	4	4
10073	73	郝萌	4	4	4	4	4
10074	74	郭攸之	4	4	4	4	4
10075	75	霍弋	4	4	4	4	4
10076	76	郭淮	4	4	4	4	4
10077	77	夏侯威	4	4	4	4	4
10079	79	夏侯恩	4	4	4	4	4
10080	80	夏侯和	4	4	4	4	4
10081	81	夏侯惠	4	4	4	4	4
10082	82	夏侯玄	4	4	4	4	4
10083	83	夏侯尚	4	4	4	4	4
10084	84	夏侯德	4	4	4	4	4
10086	86	夏侯霸	4	1	4	4	4
10087	87	夏侯楙	4	4	4	4	4
10088	88	夏侯令女	4	4	4	4	1
10089	89	賈充	4	4	4	4	4
10090	90	何植	4	4	4	4	4
10091	91	何進	4	4	4	4	4
10092	92	賀齊	4	4	4	4	4
10093	93	賈範	4	4	4	4	4
10094	94	花鬘	3	3	4	4	4
10095	95	華雄	4	4	4	4	4
10096	96	關彝	4	4	4	4	4
10097	97	韓胤	4	4	4	4	4
10099	99	桓階	4	4	4	4	4
10100	100	管亥	2	2	2	2	2
10101	101	毌丘儉	4	4	4	4	4
10102	102	毌丘秀	4	4	4	4	4
10103	103	毌丘甸	4	4	4	4	4
10104	104	韓莒子	4	4	4	4	4
10105	105	韓玄	4	4	4	4	4
10106	106	韓浩	4	4	4	4	4
10107	107	關興	3	3	4	4	4
10108	108	關索	3	3	4	4	4
10109	109	韓遂	0	0	0	0	0
10110	110	韓嵩	4	4	4	4	4
10111	111	關靖	4	4	4	4	4
10112	112	韓暹	4	4	4	4	4
10113	113	闞澤	4	4	4	4	4
10114	114	韓忠	4	4	4	4	4
10115	115	關統	4	4	4	4	4
10116	116	韓當	5	5	4	4	5
10117	117	韓德	4	4	4	4	4
10119	119	桓範	4	4	4	4	4
10120	120	韓馥	4	4	4	4	4
10121	121	關平	4	4	4	4	4
10122	122	簡雍	4	4	4	4	4
10123	123	顏良	4	4	4	4	4
10124	124	魏延	4	4	4	4	4
10125	125	麴義	4	4	4	4	4
10126	126	戲志才	4	4	4	4	4
10127	127	魏續	4	4	4	4	4
10128	128	魏邈	4	4	4	4	4
10129	129	魏諷	2	2	2	2	2
10130	130	魏攸	4	4	4	4	4
10131	131	牛金	4	4	4	4	4
10132	132	丘建	4	4	4	4	4
10133	133	牛輔	4	4	4	4	4
10134	134	丘本	4	4	4	4	4
10135	135	季雍	4	4	4	4	4
10136	136	姜維	0	0	0	0	0
10137	137	鞏志	4	4	4	4	4
10138	138	橋蕤	4	4	4	4	4
10139	139	龔都	4	4	4	4	4
10140	140	橋瑁	4	4	4	4	4
10141	141	許儀	4	4	4	4	4
10142	142	許貢	4	4	4	4	4
10143	143	許靖	4	4	4	4	4
10144	144	許褚	4	0	4	4	1
10145	145	許攸	4	4	4	4	4
10146	146	紀靈	4	4	4	4	4
10147	147	金禕	4	4	4	4	4
10148	148	金環三結	4	4	4	4	4
10149	149	金旋	4	4	4	4	4
10150	150	虞汜	4	4	4	4	4
10151	151	虞翻	4	4	5	5	5
10152	152	邢道榮	4	4	4	4	4
10153	153	郤正	4	4	4	4	4
10154	154	嚴顏	6	6	6	4	6
10155	155	牽弘	4	4	4	4	4
10156	156	嚴綱	4	4	4	4	4
10157	157	嚴畯	4	4	4	4	4
10158	158	牽招	4	4	4	4	4
10159	159	嚴政	4	4	4	4	4
10160	160	嚴白虎	4	4	4	4	4
10161	161	嚴輿	4	4	4	4	4
10162	162	吳懿	4	4	4	4	4
10163	163	黃蓋	6	6	6	6	1
10164	164	高幹	4	4	4	4	4
10165	165	黃月英	4	4	5	5	5
10166	166	黃權	4	4	4	4	4
10167	167	黃皓	4	4	4	4	4
10168	168	高柔	4	4	4	4	4
10169	169	高順	4	4	4	4	4
10170	170	高翔	4	4	4	4	4
10171	171	高昇	4	4	4	4	4
10172	172	黃崇	4	4	4	4	4
10173	173	侯成	4	4	4	4	4
10174	174	侯選	4	4	4	4	4
10175	175	黃祖	4	4	4	4	4
10176	176	公孫越	4	4	4	4	4
10177	177	公孫淵	4	4	4	4	4
10178	178	公孫恭	4	4	4	4	4
10179	179	公孫康	4	4	4	4	4
10180	180	公孫瓚	4	4	4	4	4
10181	181	公孫續	4	4	4	4	4
10182	182	公孫度	4	4	4	4	4
10183	183	公孫範	4	4	4	4	4
10186	186	高定	4	4	4	4	4
10187	187	高堂隆	4	4	4	4	4
10188	188	高沛	4	4	4	4	4
10189	189	皇甫嵩	4	4	4	4	4
10190	190	孔融	4	4	4	4	4
10191	191	高覽	4	4	4	4	4
10192	192	伍延	4	4	4	4	4
10193	193	吳巨	4	4	4	4	4
10194	194	國淵	4	4	4	4	4
10195	195	吳景	4	4	4	4	4
10196	196	吾彥	4	4	4	4	4
10197	197	吳綱	4	4	4	4	4
10198	198	吳國太	4	4	5	6	5
10199	199	胡濟	4	4	4	4	4
10200	200	吾粲	4	4	4	4	4
10201	201	胡質	4	4	4	4	4
10202	202	吳質	4	4	4	4	4
10203	203	胡車兒	4	4	4	4	4
10204	204	胡遵	4	4	4	4	4
10205	205	胡軫	4	4	4	4	4
10206	206	顧譚	4	4	4	4	4
10207	207	兀突骨	4	4	4	4	4
10208	208	胡班	4	4	4	4	4
10209	209	吳班	4	4	4	4	4
10210	210	胡奮	4	4	4	4	4
10211	211	顧雍	4	4	4	4	4
10212	212	吳蘭	4	4	4	4	4
10213	213	胡烈	4	4	4	4	4
10214	214	崔琰	4	4	4	4	4
10215	215	蔡琰	4	4	1	1	1
10216	216	蔡和	4	4	4	4	4
10217	217	蔡氏	4	4	1	1	4
10218	218	蔡中	4	4	4	4	4
10219	219	蔡瑁	4	4	4	4	4
10220	220	崔林	4	4	4	4	4
10221	221	左奕	4	4	4	4	4
10222	222	笮融	4	4	4	4	4
10223	223	施朔	4	4	4	4	4
10224	224	師纂	4	4	4	4	4
10225	225	司馬懿	0	5	0	0	0
10226	226	司馬炎	4	4	4	4	4
10227	227	司馬師	5	4	5	5	4
10228	228	司馬昭	5	4	5	5	4
10230	230	司馬孚	4	4	4	4	4
10231	231	司馬望	4	4	4	4	4
10232	232	司馬攸	4	4	4	4	4
10233	233	司馬朗	4	4	4	4	4
10234	234	謝旌	4	4	4	4	4
10235	235	車冑	4	4	4	4	4
10236	236	沙摩柯	4	4	4	4	4
10237	237	朱異	4	4	4	4	4
10238	238	周昕	4	4	4	4	4
10239	239	周昂	4	4	4	4	4
10240	240	周旨	4	4	4	4	4
10241	241	周倉	4	4	4	4	4
10242	242	周泰	5	5	4	4	4
10243	243	州泰	4	4	4	4	4
10244	244	周魴	4	4	4	4	4
10246	246	朱桓	4	4	4	4	4
10247	247	朱據	4	4	4	4	4
10248	248	祝融	4	4	4	4	4
10250	250	朱然	4	4	4	4	4
10251	251	朱治	4	4	4	4	4
10252	252	朱褒	4	4	4	4	4
10253	253	朱靈	4	4	4	4	4
10255	255	淳于瓊	4	4	4	4	4
10256	256	荀顗	4	4	4	4	4
10257	257	荀勗	4	4	4	4	4
10258	258	荀諶	4	4	4	4	4
10259	259	荀攸	5	4	5	5	5
10260	260	焦彝	4	4	4	4	4
10261	261	鍾毓	4	4	4	4	4
10262	262	蔣琬	4	4	4	4	4
10263	263	鍾會	5	5	5	4	4
10264	264	蔣幹	4	4	4	4	4
10265	265	蔣義渠	4	4	4	4	4
10266	266	小喬	4	4	4	4	0
10267	267	蔣欽	4	4	4	4	4
10268	268	蔣濟	4	4	4	4	4
10269	269	譙周	4	4	4	4	4
10270	270	蔣舒	4	4	4	4	4
10271	271	焦觸	4	4	4	4	4
10272	272	向寵	4	4	4	4	4
10273	273	邵悌	4	4	4	4	4
10274	274	蔣班	4	4	4	4	4
10275	275	蔣斌	4	4	4	4	4
10276	276	鍾繇	4	4	4	4	4
10277	277	鍾離牧	4	4	4	4	4
10278	278	向朗	4	4	4	4	4
10279	279,333	徐榮	4	4	4	4	4
10280	280	諸葛恪	4	4	3	3	4
10281	281	諸葛喬	4	4	4	4	4
10282	282	諸葛瑾	6	4	5	5	4
10283	283	諸葛均	4	4	4	4	4
10284	284	諸葛緒	4	4	4	4	4
10285	285	諸葛尚	4	4	4	4	4
10286	286	諸葛靚	4	4	4	4	4
10287	287	諸葛瞻	4	4	4	4	4
10288	288	諸葛誕	4	4	4	4	4
10290	290	徐晃	5	5	4	4	4
10291	291	徐氏	4	4	4	4	5
10292	292	徐質	4	4	4	4	4
10293	293	徐庶	4	4	4	4	4
10294	294	徐盛	5	5	4	4	4
10295	295	徐邈	4	4	4	4	4
10296	296	沈瑩	4	4	4	4	4
10297	297	申儀	4	4	4	4	4
10298	298	辛憲英	4	4	4	4	4
10299	299	岑昏	4	4	4	4	4
10300	300	甄氏	4	4	5	5	0
10301	301	辛敞	4	4	4	4	4
10302	302	申耽	4	4	4	4	4
10303	303	審配	4	4	4	4	4
10304	304	辛毘	4	4	4	4	4
10305	305	辛評	4	4	4	4	4
10306	306	秦宓	4	4	4	4	4
10307	307	秦朗	4	4	4	4	4
10308	308	眭元進	4	4	4	4	4
10309	309	眭固	4	4	4	4	4
10310	310	鄒氏	4	4	4	4	0
10311	311	鄒靖	4	4	4	4	4
10312	312	鄒丹	4	4	4	4	4
10313	313	成宜	4	4	4	4	4
10314	314	成公英	4	4	4	4	4
10315	315	盛曼	4	4	4	4	4
10316	316	石苞	4	4	4	4	4
10317	317	薛瑩	4	4	4	4	4
10318	318	薛珝	4	4	4	4	4
10319	319	薛綜	4	4	4	4	4
10320	320	全禕	4	4	4	4	4
10321	321	全懌	4	4	4	4	4
10322	322	全紀	4	4	4	4	4
10323	323	單經	4	4	4	4	4
10324	324	全尚	4	4	4	4	4
10325	325	全琮	4	4	4	4	4
10326	326	全端	4	4	4	4	4
10327	327	曹宇	4	4	4	4	4
10328	328	曹叡	4	4	3	3	4
10329	329	曹奐	4	4	4	4	4
10330	330	曹羲	4	4	4	4	4
10331	331	曹休	4	4	4	4	4
10332	332	曹訓	4	4	4	4	4
10333	279,333	宋憲	4	4	4	4	4
10334	334	宋謙	4	4	4	4	4
10335	335	曹昂	4	4	4	4	4
10336	336	曹洪	4	4	4	4	4
10337	337	曹純	4	4	4	4	4
10338	338	曹彰	4	4	4	4	4
10339	339	曹植	4	4	4	4	4
10340	340	曹真	4	4	4	4	4
10341	341	曹仁	4	4	4	4	4
10342	342	曹性	4	4	4	4	4
10344	344	曹爽	4	4	4	4	4
10345	345	曹沖	2	2	2	2	2
10346	346	臧霸	4	4	4	4	4
10347	347	曹丕	4	4	4	4	4
10348	348	曹豹	4	4	4	4	4
10349	349	曹芳	4	4	4	4	4
10350	350	曹髦	4	4	4	4	4
10351	351	曹熊	4	4	4	4	4
10352	352	沮鵠	4	4	4	4	4
10353	353	沮授	4	4	4	4	4
10354	354	蘇飛	4	4	4	4	4
10355	355	祖茂	4	4	4	4	4
10356	356	蘇由	4	4	4	4	4
10357	357	孫異	4	4	4	4	4
10358	358	孫和	4	4	4	4	4
10359	359	孫桓	4	4	4	4	4
10360	360	孫觀	4	4	4	4	4
10361	361	孫冀	4	4	4	4	4
10362	362	孫休	4	4	4	4	4
10363	363	孫匡	4	4	4	4	4
10364	364	孫歆	4	4	4	4	4
10365	365	孫堅	1	1	1	1	1
10366	366	孫乾	4	4	4	4	4
10368	368	孫皓	2	2	2	2	2
10369	369	孫皎	4	4	4	4	4
10370	370	孫策	3	3	3	3	3
10371	371	孫氏	4	4	4	4	5
10372	372	孫秀	4	4	4	4	4
10373	373	孫峻	4	4	4	4	4
10374	374	孫韶	4	4	4	4	4
10375	375	孫尚香	3	3	3	3	3
10376	376	孫震	4	4	4	4	4
10377	377	孫靜	4	4	4	4	4
10378	378	孫仲	4	4	4	4	4
10379	379	孫綝	4	4	4	4	4
10380	380	孫登	4	4	4	4	4
10381	381	孫瑜	4	4	4	4	4
10382	382	孫翊	4	4	4	4	4
10383	383	孫亮	4	4	4	4	4
10384	384	孫禮	4	4	4	4	4
10385	385	孫朗	4	4	4	4	4
10386	386	孫魯班	4	4	4	4	5
10387	387	大喬	4	4	4	4	0
10388	388	太史享	4	4	4	4	4
10390	390	帶來洞主	4	4	4	4	4
10391	391	戴陵	4	4	4	4	4
10392	392	朵思大王	4	4	4	4	4
10393	393	譚雄	4	4	4	4	4
10394	394	張允	4	4	4	4	4
10396	396	張衛	4	4	4	4	4
10397	397	張英	4	4	4	4	4
10398	398	張燕	4	4	4	4	4
10399	399	張橫	4	4	4	4	4
10400	400	張溫	4	4	4	4	4
10401	401	張華	4	4	4	4	4
10402	402	張闓	4	4	4	4	4
10403	403	張角	4	4	4	4	4
10404	404	張既	4	4	4	4	4
10405	405	張休	4	4	4	4	4
10406	406	張球	4	4	4	4	4
10407	407	張嶷	4	4	4	4	4
10408	408	張勳	4	4	4	4	4
10409	409	張虎	4	4	4	4	4
10410	410	張紘	4	4	4	4	4
10411	411	張郃	1	0	0	4	5
10412	412	趙廣	4	4	4	4	4
10413	413	趙弘	4	4	4	4	4
10414	414	張濟	4	4	4	4	4
10415	415	張繡	4	4	4	4	4
10416	416	張緝	4	4	4	4	4
10417	417	張遵	4	4	4	4	4
10418	418	張春華	4	4	4	4	4
10419	419	張昭	1	1	1	1	1
10420	420	張松	4	4	4	4	4
10421	421	張紹	4	4	4	4	4
10422	422	張承	4	4	4	4	4
10423	423	張任	4	5	4	4	4
10424	424	貂蟬	2	2	3	3	0
10425	425	張悌	4	4	4	4	4
10426	426	趙統	4	4	4	4	4
10427	427	張特	4	4	4	4	4
10428	428	張南	4	4	4	4	4
10429	429	張南	4	4	4	4	4
10430	430	張邈	4	4	4	4	4
10431	431	趙範	4	4	4	4	4
10433	433	張布	4	4	4	4	4
10434	434	張苞	3	3	4	4	4
10435	435	張寶	4	4	4	4	4
10436	436	張曼成	4	4	4	4	4
10437	437	張楊	4	4	4	4	4
10438	438	張翼	4	4	4	4	4
10440	440	張梁	4	4	4	4	4
10441	441	趙累	4	4	4	4	4
10442	442	張魯	4	4	4	4	4
10443	443	陳橫	4	4	4	4	4
10444	444	陳應	4	4	4	4	4
10445	445	陳紀	4	4	4	4	4
10446	446	陳宮	4	4	4	4	4
10447	447	陳矯	4	4	4	4	4
10448	448	陳群	4	4	5	5	5
10449	449	陳珪	7	7	7	7	7
10450	450	陳騫	4	4	4	4	4
10451	451	陳壽	4	4	4	4	4
10452	452	陳式	4	4	4	4	4
10453	453	陳震	4	4	4	4	4
10454	454	陳泰	4	4	4	4	4
10455	455	陳登	4	4	4	4	4
10456	456	陳到	4	4	4	4	4
10457	457	陳表	4	4	4	4	4
10458	458	陳武	4	4	4	4	4
10459	459	陳蘭	4	4	4	4	4
10460	460	陳琳	4	4	4	4	4
10461	461	程昱	4	4	5	5	5
10462	462	程遠志	4	4	4	4	4
10463	463	丁儀	4	4	4	4	4
10464	464	程銀	4	4	4	4	4
10465	465	丁原	4	4	4	4	4
10466	466	程普	4	4	4	4	4
10467	467	程武	4	4	4	4	4
10468	468	程秉	4	4	4	4	4
10469	469	丁奉	4	4	4	4	4
10470	470	丁封	4	4	4	4	4
10471	471	典韋	1	1	4	4	4
10472	472	田楷	4	4	4	4	4
10473	473	田續	4	4	4	4	4
10474	474	田疇	4	4	4	4	4
10475	475	田豐	4	4	5	4	4
10476	476	典滿	4	4	4	4	4
10477	477	田予	4	4	4	4	4
10478	478	滕胤	4	4	4	4	4
10479	479	董允	4	4	4	4	4
10480	480	董和	4	4	4	4	4
10481	481	鄧艾	0	0	0	0	0
10482	482	黨均	4	4	4	4	4
10483	483	董厥	4	4	4	4	4
10484	484	陶謙	4	4	4	4	4
10485	485	鄧賢	4	4	4	4	4
10486	486	鄧芝	4	4	4	4	4
10487	487	唐咨	4	4	4	4	4
10488	488	董襲	4	4	4	4	4
10489	489	滕脩	4	4	4	4	4
10490	490	陶濬	4	4	4	4	4
10491	491	董承	4	4	4	4	4
10492	492	董昭	4	4	4	4	4
10493	493	董卓	4	4	4	4	4
10494	494	鄧忠	4	4	4	4	4
10495	495	董朝	4	4	4	4	4
10496	496	董荼那	4	4	4	4	4
10497	497	唐彬	4	4	4	4	4
10498	498	董旻	4	4	4	4	4
10499	499	鄧茂	4	4	4	4	4
10500	500	杜畿	4	4	4	4	4
10501	501	杜預	5	5	5	5	5
10502	502	甯隨	4	4	4	4	4
10503	503	裴元紹	4	4	4	4	4
10504	504	裴秀	4	4	4	4	4
10505	505	馬雲騄	4	3	4	4	4
10506	506	馬玩	4	4	4	4	4
10507	507	馬休	4	4	4	4	4
10508	508	馬鈞	4	4	4	4	4
10509	509	波才	4	4	4	4	4
10510	510	馬遵	4	4	4	4	4
10511	511	馬謖	4	4	2	2	4
10512	512	馬岱	5	5	4	4	4
10513	513	馬忠	4	4	4	4	4
10514	514	馬忠	4	4	4	4	4
10515	515	馬超	0	1	1	1	1
10516	516	馬鐵	4	4	4	4	4
10517	517	馬騰	4	4	4	4	4
10518	518	馬邈	4	4	4	4	4
10519	519	馬良	4	4	4	4	4
10520	520	萬彧	4	4	4	4	4
10521	521	樊建	4	4	4	4	4
10522	522	樊氏	4	4	4	4	5
10523	523	潘濬	4	4	4	4	4
10524	524	潘璋	4	4	4	4	4
10525	525	樊稠	4	4	4	4	4
10526	526	樊能	4	4	4	4	4
10527	527	潘鳳	4	4	4	4	4
10528	528	費禕	4	4	5	5	5
10529	529	卑衍	4	4	4	4	4
10530	530	費詩	4	4	4	4	4
10531	531	糜氏	4	4	4	4	5
10532	532	糜竺	4	4	4	4	4
10533	533	糜芳	4	4	4	4	4
10534	534	費耀	4	4	4	4	4
10535	535	武安國	4	4	4	4	4
10536	536	馮習	4	4	4	4	4
10537	537	傅嘏	4	4	4	4	4
10538	538	傅士仁	4	4	4	4	4
10539	539	傅僉	4	4	4	4	4
10540	540	傅巽	4	4	4	4	4
10541	541	傅彤	4	4	4	4	4
10542	542	文鴦	1	1	1	1	1
10543	543	文欽	4	4	4	4	4
10544	544	文虎	4	4	4	4	4
10545	545	文醜	4	5	4	4	4
10546	546	文聘	4	4	4	4	4
10547	547	卞喜	4	4	4	4	4
10548	548	卞氏	4	4	5	5	5
10549	549	方悅	4	4	4	4	4
10550	550	龐會	4	4	4	4	4
10551	551	忙牙長	4	4	4	4	4
10552	552	逢紀	4	4	4	4	4
10553	553	龐羲	4	4	4	4	4
10554	554	鮑三娘	5	5	4	4	4
10555	555	鮑信	4	4	4	4	4
10556	556	法正	5	4	5	5	4
10557	557	龐統	4	4	4	4	4
10558	558	龐德	4	4	4	4	4
10559	559	鮑隆	4	4	4	4	4
10560	560	步協	4	4	4	4	4
10561	561	穆順	4	4	4	4	4
10562	562	濮陽興	4	4	4	4	4
10563	563	木鹿大王	4	4	4	4	4
10564	564	步騭	4	4	4	4	4
10565	565	步闡	4	4	4	4	4
10566	566	滿寵	4	4	5	4	5
10567	567	毛玠	4	4	4	4	4
10568	568	孟獲	4	4	4	4	4
10569	569	孟宗	4	4	4	4	4
10570	570	孟達	4	4	4	4	4
10571	571	孟優	4	4	4	4	4
10572	572	俞涉	4	4	4	4	4
10573	573	楊懷	4	4	4	4	4
10574	574	雍闓	4	4	4	4	4
10575	575	楊儀	4	4	4	4	4
10576	576	楊欣	4	4	4	4	4
10577	577	羊祜	4	4	4	4	4
10578	578	楊弘	4	4	4	4	4
10579	579	楊昂	4	4	4	4	4
10580	580	楊濟	4	4	4	4	4
10581	581	楊醜	4	4	4	4	4
10582	582	楊修	4	4	4	4	4
10583	583	楊秋	4	4	4	4	4
10584	584	楊松	4	4	4	4	4
10585	585	楊任	4	4	4	4	4
10586	586	楊祚	4	4	4	4	4
10587	587	楊肇	4	4	4	4	4
10588	588	楊柏	4	4	4	4	4
10589	589	楊阜	4	4	4	4	4
10590	590	楊奉	4	4	4	4	4
10591	591	楊鋒	4	4	4	4	4
10592	592	雷銅	4	4	4	4	4
10593	593	雷薄	4	4	4	4	4
10594	594	駱統	4	4	4	4	4
10595	595	羅憲	4	4	4	4	4
10596	596	李異	4	4	4	4	4
10597	597	李恢	4	4	4	4	4
10598	598	李傕	4	4	4	4	4
10599	599	陸凱	4	4	4	4	4
10600	600	陸抗	4	4	5	5	4
10601	601	陸績	4	4	4	4	4
10602	602	陸遜	1	1	1	1	1
10603	603	李嚴	4	4	4	4	4
10604	604	李儒	4	4	4	4	4
10605	605	李肅	4	4	4	4	4
10606	606	李勝	4	4	4	4	4
10607	607	李堪	4	4	4	4	4
10608	608	李通	4	4	4	4	4
10609	609	李典	4	4	4	4	4
10610	610	李孚	4	4	4	4	4
10611	611	李豐	4	4	4	4	4
10612	612	李豐	4	4	4	4	4
10613	613	李豐	4	4	4	4	4
10614	614	劉焉	4	4	4	4	4
10615	615	劉和	4	4	4	4	4
10617	617	劉琦	4	4	4	4	4
10618	618	劉虞	4	4	4	4	4
10619	619	劉勳	4	4	4	4	4
10620	620	劉賢	4	4	4	4	4
10621	621	留贊	4	4	4	4	4
10622	622	劉氏	4	4	4	4	5
10623	623	劉循	4	4	4	4	4
10624	624	劉璋	4	4	4	4	4
10625	625	劉劭	4	4	4	4	4
10626	626	劉丞	4	4	4	4	4
10627	627	劉諶	4	4	4	4	4
10628	628	劉璿	4	4	4	4	4
10629	629	劉禪	4	4	4	4	4
10630	630	劉琮	2	2	2	2	2
10631	631	劉岱	4	4	4	4	4
10632	632	劉度	4	4	4	4	4
10633	633	劉巴	4	4	4	4	4
10634	634	劉磐	4	4	4	4	4
10636	636	劉表	4	4	4	4	4
10637	637	劉馥	4	4	4	4	4
10638	638	留平	4	4	4	4	4
10639	639	劉辟	4	4	4	4	4
10640	640	劉封	4	4	4	4	4
10641	641	劉曄	4	4	4	4	4
10642	642	劉繇	4	4	4	4	4
10643	643	留略	4	4	4	4	4
10644	644	呂威璜	4	4	4	4	4
10645	645	廖化	4	4	4	4	4
10646	646	梁興	4	4	4	4	4
10647	647	梁綱	4	4	4	4	4
10648	648	梁習	4	4	4	4	4
10649	649	梁緒	4	4	4	4	4
10650	650	凌操	4	4	4	4	4
10651	651	凌統	4	4	4	4	4
10652	652	廖立	4	4	4	4	4
10653	653	呂凱	4	4	4	4	4
10654	654	呂據	4	4	4	4	4
10655	655	呂虔	4	4	4	4	4
10656	656	呂曠	4	4	4	4	4
10657	657	呂翔	4	4	4	4	4
10658	658	呂岱	4	4	4	4	4
10659	659	呂範	4	4	4	4	4
10660	660	呂布	0	0	4	4	4
10662	662	呂玲綺	4	4	4	4	4
10663	663	倫直	4	4	4	4	4
10664	664	冷苞	4	4	4	4	4
10665	665	婁圭	4	4	4	4	4
10666	666	樓玄	4	4	4	4	4
10668	668	魯淑	4	4	4	4	4
10669	669	盧植	1	1	1	1	1
