city_id	flags
20000	0,0,0,1,0,0
20001	0,0,0,1,0,0
20002	0,1,0,0,0,0
20003	0,0,0,0,1,0
20004	0,0,1,0,0,0
20005	0,0,0,1,0,0
20006	0,0,0,0,0,0
20007	0,1,0,0,0,0
20008	0,0,0,0,0,0
20009	0,0,0,0,1,0
20010	0,0,1,0,0,0
20011	1,0,0,0,0,0
20012	0,0,0,0,1,0
20013	0,0,0,0,0,0
20014	0,1,0,0,0,0
20015	0,0,0,0,0,0
20016	1,0,0,0,0,0
20017	0,0,0,0,0,0
20018	0,0,0,0,1,0
20019	0,0,0,1,0,0
20020	0,0,0,1,0,0
20021	0,0,0,1,0,0
20022	0,0,0,0,0,0
20023	0,0,0,0,0,1
20024	0,0,1,0,0,0
20025	0,0,0,0,0,1
20026	0,0,0,0,0,1
20027	0,1,0,0,0,0
20028	1,0,0,0,0,0
20029	0,0,0,0,0,0
20030	0,0,0,0,0,1
20031	0,0,0,0,0,1
20032	0,1,0,0,0,0
20033	1,0,0,0,0,0
20034	0,0,1,0,0,0
20035	0,0,1,0,0,0
20036	0,1,0,0,0,0
20037	0,0,1,0,0,0
20038	1,0,0,0,0,0
20039	0,0,0,0,0,0
20040	1,0,0,0,0,0
20041	0,0,0,0,1,0
