q,r,source_x,source_y,world_x,world_z
272,0,0,173,0.0,173.0
273,0,0,174,0.0,174.0
272,1,1,173,1.0,173.5
273,1,1,174,1.0,174.5
271,2,2,173,2.0,173.0
272,2,2,174,2.0,174.0
273,2,2,175,2.0,175.0
270,3,3,172,3.0,172.5
271,3,3,173,3.0,173.5
272,3,3,174,3.0,174.5
273,3,3,175,3.0,175.5
277,3,3,179,3.0,179.5
278,3,3,180,3.0,180.5
269,4,4,172,4.0,172.0
270,4,4,173,4.0,173.0
277,4,4,180,4.0,180.0
269,5,5,172,5.0,172.5
270,5,5,173,5.0,173.5
276,5,5,179,5.0,179.5
277,5,5,180,5.0,180.5
280,5,5,183,5.0,183.5
269,6,6,173,6.0,173.0
275,6,6,179,6.0,179.0
276,6,6,180,6.0,180.0
279,6,6,183,6.0,183.0
280,6,6,184,6.0,184.0
268,7,7,172,7.0,172.5
269,7,7,173,7.0,173.5
270,7,7,174,7.0,174.5
275,7,7,179,7.0,179.5
276,7,7,180,7.0,180.5
278,7,7,182,7.0,182.5
279,7,7,183,7.0,183.5
258,8,8,163,8.0,163.0
259,8,8,164,8.0,164.0
260,8,8,165,8.0,165.0
268,8,8,173,8.0,173.0
274,8,8,179,8.0,179.0
275,8,8,180,8.0,180.0
258,9,9,163,9.0,163.5
259,9,9,164,9.0,164.5
267,9,9,172,9.0,172.5
268,9,9,173,9.0,173.5
274,9,9,179,9.0,179.5
275,9,9,180,9.0,180.5
257,10,10,163,10.0,163.0
258,10,10,164,10.0,164.0
259,10,10,165,10.0,165.0
267,10,10,173,10.0,173.0
268,10,10,174,10.0,174.0
256,11,11,162,11.0,162.5
257,11,11,163,11.0,163.5
258,11,11,164,11.0,164.5
259,11,11,165,11.0,165.5
267,11,11,173,11.0,173.5
268,11,11,174,11.0,174.5
258,12,12,165,12.0,165.0
259,12,12,166,12.0,166.0
281,12,12,188,12.0,188.0
282,12,12,189,12.0,189.0
255,13,13,162,13.0,162.5
258,13,13,165,13.0,165.5
259,13,13,166,13.0,166.5
282,13,13,189,13.0,189.5
254,14,14,162,14.0,162.0
255,14,14,163,14.0,163.0
257,14,14,165,14.0,165.0
258,14,14,166,14.0,166.0
259,14,14,167,14.0,167.0
277,14,14,185,14.0,185.0
278,14,14,186,14.0,186.0
279,14,14,187,14.0,187.0
253,15,15,161,15.0,161.5
254,15,15,162,15.0,162.5
257,15,15,165,15.0,165.5
258,15,15,166,15.0,166.5
277,15,15,185,15.0,185.5
278,15,15,186,15.0,186.5
281,15,15,189,15.0,189.5
282,15,15,190,15.0,190.5
253,16,16,162,16.0,162.0
254,16,16,163,16.0,163.0
256,16,16,165,16.0,165.0
257,16,16,166,16.0,166.0
258,16,16,167,16.0,167.0
277,16,16,186,16.0,186.0
281,16,16,190,16.0,190.0
253,17,17,162,17.0,162.5
256,17,17,165,17.0,165.5
257,17,17,166,17.0,166.5
277,17,17,186,17.0,186.5
278,17,17,187,17.0,187.5
280,17,17,189,17.0,189.5
251,18,18,161,18.0,161.0
252,18,18,162,18.0,162.0
253,18,18,163,18.0,163.0
255,18,18,165,18.0,165.0
256,18,18,166,18.0,166.0
277,18,18,187,18.0,187.0
250,19,19,160,19.0,160.5
251,19,19,161,19.0,161.5
252,19,19,162,19.0,162.5
255,19,19,165,19.0,165.5
261,19,19,171,19.0,171.5
279,19,19,189,19.0,189.5
249,20,20,160,20.0,160.0
250,20,20,161,20.0,161.0
251,20,20,162,20.0,162.0
252,20,20,163,20.0,163.0
254,20,20,165,20.0,165.0
260,20,20,171,20.0,171.0
261,20,20,172,20.0,172.0
275,20,20,186,20.0,186.0
276,20,20,187,20.0,187.0
279,20,20,190,20.0,190.0
248,21,21,159,21.0,159.5
251,21,21,162,21.0,162.5
252,21,21,163,21.0,163.5
258,21,21,169,21.0,169.5
259,21,21,170,21.0,170.5
260,21,21,171,21.0,171.5
261,21,21,172,21.0,172.5
274,21,21,185,21.0,185.5
275,21,21,186,21.0,186.5
276,21,21,187,21.0,187.5
278,21,21,189,21.0,189.5
279,21,21,190,21.0,190.5
280,21,21,191,21.0,191.5
247,22,22,159,22.0,159.0
251,22,22,163,22.0,163.0
257,22,22,169,22.0,169.0
258,22,22,170,22.0,170.0
259,22,22,171,22.0,171.0
260,22,22,172,22.0,172.0
273,22,22,185,22.0,185.0
274,22,22,186,22.0,186.0
275,22,22,187,22.0,187.0
278,22,22,190,22.0,190.0
279,22,22,191,22.0,191.0
280,22,22,192,22.0,192.0
249,23,23,161,23.0,161.5
256,23,23,168,23.0,168.5
257,23,23,169,23.0,169.5
258,23,23,170,23.0,170.5
259,23,23,171,23.0,171.5
273,23,23,185,23.0,185.5
274,23,23,186,23.0,186.5
248,24,24,161,24.0,161.0
255,24,24,168,24.0,168.0
256,24,24,169,24.0,169.0
257,24,24,170,24.0,170.0
258,24,24,171,24.0,171.0
273,24,24,186,24.0,186.0
245,25,25,158,25.0,158.5
248,25,25,161,25.0,161.5
255,25,25,168,25.0,168.5
256,25,25,169,25.0,169.5
257,25,25,170,25.0,170.5
254,26,26,168,26.0,168.0
255,26,26,169,26.0,169.0
256,26,26,170,26.0,170.0
251,27,27,165,27.0,165.5
254,27,27,168,27.0,168.5
255,27,27,169,27.0,169.5
256,27,27,170,27.0,170.5
250,28,28,165,28.0,165.0
251,28,28,166,28.0,166.0
253,28,28,168,28.0,168.0
254,28,28,169,28.0,169.0
255,28,28,170,28.0,170.0
250,29,29,165,29.0,165.5
253,29,29,168,29.0,168.5
254,29,29,169,29.0,169.5
252,30,30,168,30.0,168.0
253,30,30,169,30.0,169.0
254,30,30,170,30.0,170.0
252,31,31,168,31.0,168.5
253,31,31,169,31.0,169.5
252,32,32,169,32.0,169.0
