grid129/pre-gate-plank.sg11	33	023b2bb02bc7dce50c6d945e6503755345a964dbc9f82fb7752b44e6237cdd06	true	c53edb85dfa80d7957a2c9e0840273e8abcfd4e95f2a351240462800193f05a4	true:f149cba180e062e576f05c2f0979ad247f5f2bfc2b320835524fe8293cfa4348,true:9fd5ec37d57c7ee21051d97d6d295f7ff95232e5cb4b0aff71a65b7f71a6344d,true:e62e31b829377885cb3ca4a4a14e88e470f89c735ebe40207c8b57966378bb38
legacy-market-v35/art/central-mobile-sandbox.sg11	35	0926b2fe1b4783abdf229b8a3b9ae18ac7126acf65d41ee1699d4326f7ee3abc	true	13d9ed59319cb1a99dc604979e00d73c4765f7220f531e5eb96198abcb3f678c	true:39fba16db1b5699ceedd1fcb5820318886e37719c7172fc3f92c8e7d2e9e2516,true:498bdfea2dd36fa20cef07194cf9b1b42cea851b1a45d966c714b2c1ec796fd5,true:376e3acf84f56dba00d84f0a5b5068328806fc076f0906ed54ee79c86def73f7
legacy-market-v35/art/chibi-207.sg11	35	0e9fe8c2f50dcfcdce0d95a44f56a17841078897e2cf4aaa447ddc6edfcd5075	true	8e253b46e7237849f9e074acd5bb7f36ce2f3ad9d88cc3a10bdba69358a86691	true:63a9cfdaeaf5beae62490dbf0b424cb35110e27138943b2548a181b61fee8104,true:8925092e4f21c7914a7b423f07f561291507ddfd507fe099ed0f3f5372ad1d99,true:068cf04fe3dba4f9b65bc144e3c1bbe7abf7062ffc739dc97915225e6837a188
legacy-market-v35/art/coalition-190.sg11	35	11b5e28baac6a7c2e88c0a5455a31e2b28d918db693d60785e7e7f03d45d07dd	true	f08c11873aff54588a1779b1ca8464c4603c062e064e3008b5058f84db115f10	true:b60f0ffa79ee4090711a899ebfcc35db4c80432abf7cef82e8e45bc546a8e4de,true:0c015402a4d074db2a591f5c22be18aa2952e09fea84b96b9081f1529554412d,true:4069a98e8d0c8c92dc240837a4fec9d8e02a957b7f1a2bfdf34a51ec9982fc8c
legacy-market-v35/art/guandu-200.sg11	35	4d5154bf03f940208beaa3c745e9a349b89d5174a006fba9c3c985c07afd2213	true	655155f4421e2fcf20c204c15b1ad16ef238e6e90ebf605b3934e8a65ed02448	true:7a9a9466ce57c2572461710eeb47cca0a523d88c2e99ffb113be9a8759b51d6a,true:4ca49b3b754b9c19c1b0135b714d3f9ac048c7e08b9935c442e9d8a1a2a3d95a,true:e12c3b71b73481f4ec463b23d10d6055e15b9b741daf9bbf20db20290d9021a3
legacy-market-v35/art/heroes-250.sg11	35	a3e455f8d09312c423f0c76fbf74f8eb24f12a64c33fda3eadddc527fa6f43dc	true	3c8a2f8e6d4ee3dd90a25b71c62df322fd81d31a2749a9eb259011e4374f37f5	true:985ae30a3e1ad3c89c9103a2bdf42d19b14ba7d2addd543bf67df3cceca8aed8,true:73a07903ced16fd1c0234cffa06e54c3a7c80369561216679ab0141d8a7848c7,true:48a8d1ed947b7e8c8e7207aa683a2d70366e5af8a274ddbc2b535c840c47ccfb
legacy-market-v35/art/heroes-mobile-sandbox.sg11	35	220c921bf6742d2a0c4bebd20a2ef9d7a901a63527c141fe022696c3e1f04a13	true	0165e6938d137ea610522bef65d64e3982d7951ce7155348ba5797cd896bd606	true:1d57871589a284f866ba9e94683f7fcc5c1c47f77f5f5e2ca17defc7546779f3,true:30e51b2adb7e81fa740b795eeb4296218135f3531e01412b79283ff27312d09e,true:cb7b630799c2f5e30c5e86cd9def5bdd1d87c7933f666daf0d13104cdaca9f0c
legacy-market-v35/art/huangjin-184.sg11	35	40e219dc5f28b3287a340275f43dd1c9d0d6a2965c0f521edd6661f3e52259e4	true	b71f559f685aeaef0914804f23f88864dd6e717430f37f72881683fd17f16acc	true:135902abc868476e58a8a191dad74c0408b75314d2f1ba013b1fafc4301bed27,true:dbc48af77253500bb1929f943732640443486d371d5672dabf5ae781cd0bcb77,true:789ab9aaae60785a88f83ebc7d5bd32dc7b714d237f237e8c11670b1dfd5618d
legacy-market-v35/art/jingxiang-mobile-sandbox.sg11	35	b64f1d2ea052fdc461ab5fad5a71bde58402bb7d3942d28162b556ba1e540da0	true	76a9070bd620c236355c0e99f8fb953e10bb23bd5a148e34d99711fee3215832	true:99ff4cdc21d21300bc3536371ccaca274e39f8a8de409b783b9959bcaacb7f58,true:fbbb55ea6b2d5512822568f872aa7a5317dc0f0fac2d1fc030345e6402d539b7,true:e60946664b22b2daf5e1a937af1c300ed2f90ca70da2691a4f687c8941e5a7bc
legacy-market-v35/art/warlords-194.sg11	35	740afbdf98e59db9191f65966e401925d93a5c98a93bf3a5c53fa8b8fe9a0f1d	true	b093a32bb3b128d860c958aaf0234093711d645c3a8e0ecd4869849d68ad695e	true:b415a573d546a5d28e4290353fb1812bbd69b0199e22629b01093cc491414dd1,true:8de2644a52efe3421cc88565b3ee11ae756501ce1b238fd0624d21e57e73ad2a,true:4901c6f5c16fed7de2f95b69071598a4d3204f36058a8e82ca006cfc544bcff1
legacy-market-v35/host/central-mobile-sandbox.sg11	35	0926b2fe1b4783abdf229b8a3b9ae18ac7126acf65d41ee1699d4326f7ee3abc	true	13d9ed59319cb1a99dc604979e00d73c4765f7220f531e5eb96198abcb3f678c	true:39fba16db1b5699ceedd1fcb5820318886e37719c7172fc3f92c8e7d2e9e2516,true:498bdfea2dd36fa20cef07194cf9b1b42cea851b1a45d966c714b2c1ec796fd5,true:376e3acf84f56dba00d84f0a5b5068328806fc076f0906ed54ee79c86def73f7
legacy-market-v35/host/chibi-207.sg11	35	0e9fe8c2f50dcfcdce0d95a44f56a17841078897e2cf4aaa447ddc6edfcd5075	true	8e253b46e7237849f9e074acd5bb7f36ce2f3ad9d88cc3a10bdba69358a86691	true:63a9cfdaeaf5beae62490dbf0b424cb35110e27138943b2548a181b61fee8104,true:8925092e4f21c7914a7b423f07f561291507ddfd507fe099ed0f3f5372ad1d99,true:068cf04fe3dba4f9b65bc144e3c1bbe7abf7062ffc739dc97915225e6837a188
legacy-market-v35/host/coalition-190.sg11	35	11b5e28baac6a7c2e88c0a5455a31e2b28d918db693d60785e7e7f03d45d07dd	true	f08c11873aff54588a1779b1ca8464c4603c062e064e3008b5058f84db115f10	true:b60f0ffa79ee4090711a899ebfcc35db4c80432abf7cef82e8e45bc546a8e4de,true:0c015402a4d074db2a591f5c22be18aa2952e09fea84b96b9081f1529554412d,true:4069a98e8d0c8c92dc240837a4fec9d8e02a957b7f1a2bfdf34a51ec9982fc8c
legacy-market-v35/host/guandu-200.sg11	35	4d5154bf03f940208beaa3c745e9a349b89d5174a006fba9c3c985c07afd2213	true	655155f4421e2fcf20c204c15b1ad16ef238e6e90ebf605b3934e8a65ed02448	true:7a9a9466ce57c2572461710eeb47cca0a523d88c2e99ffb113be9a8759b51d6a,true:4ca49b3b754b9c19c1b0135b714d3f9ac048c7e08b9935c442e9d8a1a2a3d95a,true:e12c3b71b73481f4ec463b23d10d6055e15b9b741daf9bbf20db20290d9021a3
legacy-market-v35/host/heroes-250.sg11	35	a3e455f8d09312c423f0c76fbf74f8eb24f12a64c33fda3eadddc527fa6f43dc	true	3c8a2f8e6d4ee3dd90a25b71c62df322fd81d31a2749a9eb259011e4374f37f5	true:985ae30a3e1ad3c89c9103a2bdf42d19b14ba7d2addd543bf67df3cceca8aed8,true:73a07903ced16fd1c0234cffa06e54c3a7c80369561216679ab0141d8a7848c7,true:48a8d1ed947b7e8c8e7207aa683a2d70366e5af8a274ddbc2b535c840c47ccfb
legacy-market-v35/host/heroes-mobile-sandbox.sg11	35	220c921bf6742d2a0c4bebd20a2ef9d7a901a63527c141fe022696c3e1f04a13	true	0165e6938d137ea610522bef65d64e3982d7951ce7155348ba5797cd896bd606	true:1d57871589a284f866ba9e94683f7fcc5c1c47f77f5f5e2ca17defc7546779f3,true:30e51b2adb7e81fa740b795eeb4296218135f3531e01412b79283ff27312d09e,true:cb7b630799c2f5e30c5e86cd9def5bdd1d87c7933f666daf0d13104cdaca9f0c
legacy-market-v35/host/huangjin-184.sg11	35	40e219dc5f28b3287a340275f43dd1c9d0d6a2965c0f521edd6661f3e52259e4	true	b71f559f685aeaef0914804f23f88864dd6e717430f37f72881683fd17f16acc	true:135902abc868476e58a8a191dad74c0408b75314d2f1ba013b1fafc4301bed27,true:dbc48af77253500bb1929f943732640443486d371d5672dabf5ae781cd0bcb77,true:789ab9aaae60785a88f83ebc7d5bd32dc7b714d237f237e8c11670b1dfd5618d
legacy-market-v35/host/jingxiang-mobile-sandbox.sg11	35	b64f1d2ea052fdc461ab5fad5a71bde58402bb7d3942d28162b556ba1e540da0	true	76a9070bd620c236355c0e99f8fb953e10bb23bd5a148e34d99711fee3215832	true:99ff4cdc21d21300bc3536371ccaca274e39f8a8de409b783b9959bcaacb7f58,true:fbbb55ea6b2d5512822568f872aa7a5317dc0f0fac2d1fc030345e6402d539b7,true:e60946664b22b2daf5e1a937af1c300ed2f90ca70da2691a4f687c8941e5a7bc
legacy-market-v35/host/warlords-194.sg11	35	740afbdf98e59db9191f65966e401925d93a5c98a93bf3a5c53fa8b8fe9a0f1d	true	b093a32bb3b128d860c958aaf0234093711d645c3a8e0ecd4869849d68ad695e	true:b415a573d546a5d28e4290353fb1812bbd69b0199e22629b01093cc491414dd1,true:8de2644a52efe3421cc88565b3ee11ae756501ce1b238fd0624d21e57e73ad2a,true:4901c6f5c16fed7de2f95b69071598a4d3204f36058a8e82ca006cfc544bcff1
legacy-production-v36/coalition-190-art-reencoded-by-host-v36.sg11	36	4178c8b1e67b834f1eb1cdea3f5f1b233746046f0c849b5365a8b0ac3bed8dc9	true	b009ff3c801f57ade19b38c26f598f639ec062381d4f753d63ed80e5ea7000e5	true:4dff41be9c85a4c91fb37e2d7cca2984201d1d89af3e273ca85aa0f0fd3f2214,true:3ae4ba67876979faa32565d3c6d30de7265f9a5a85eb40d96265ca74896c0c0f,true:1d016950eb592b6d3b5e4a2d3423329cf960b9586ffb10977b16da0b3af299e3
legacy-production-v36/coalition-190-art.sg11	36	4178c8b1e67b834f1eb1cdea3f5f1b233746046f0c849b5365a8b0ac3bed8dc9	true	b009ff3c801f57ade19b38c26f598f639ec062381d4f753d63ed80e5ea7000e5	true:4dff41be9c85a4c91fb37e2d7cca2984201d1d89af3e273ca85aa0f0fd3f2214,true:3ae4ba67876979faa32565d3c6d30de7265f9a5a85eb40d96265ca74896c0c0f,true:1d016950eb592b6d3b5e4a2d3423329cf960b9586ffb10977b16da0b3af299e3
legacy-production-v36/coalition-190-host.sg11	36	4178c8b1e67b834f1eb1cdea3f5f1b233746046f0c849b5365a8b0ac3bed8dc9	true	b009ff3c801f57ade19b38c26f598f639ec062381d4f753d63ed80e5ea7000e5	true:4dff41be9c85a4c91fb37e2d7cca2984201d1d89af3e273ca85aa0f0fd3f2214,true:3ae4ba67876979faa32565d3c6d30de7265f9a5a85eb40d96265ca74896c0c0f,true:1d016950eb592b6d3b5e4a2d3423329cf960b9586ffb10977b16da0b3af299e3
pc-officer-legacy-am-art.sg11	33	a5ae1bfb12543d533fcfe73a30966cf3333b7147dce811b474793e4f38c1812a	true	08eea2bcb5f7f8b5e9f888e1194d3517020ff4b7871b76e06e98b3a9479883fe	true:725248f82b47fc73bdeb50204a9c473c24076a33dafd20352260a2c39c21c024,true:8cdf2738a62459fecd22669f8780953762c55842626df8d26f509e661aa8ff7a,true:1283059e11f7e7454346b8640f1c3cc03a147dfa5c449f39dbb5585e84b92939
pc-officer-legacy-am.sg11	33	a5ae1bfb12543d533fcfe73a30966cf3333b7147dce811b474793e4f38c1812a	true	08eea2bcb5f7f8b5e9f888e1194d3517020ff4b7871b76e06e98b3a9479883fe	true:725248f82b47fc73bdeb50204a9c473c24076a33dafd20352260a2c39c21c024,true:8cdf2738a62459fecd22669f8780953762c55842626df8d26f509e661aa8ff7a,true:1283059e11f7e7454346b8640f1c3cc03a147dfa5c449f39dbb5585e84b92939
pre-atomic-ship-cargo-v33.sg11	33	c23d7aaf0be1dc0637b62ebfa39ed27562ff8d635d771bc032992ed5799e617b	true	2da9b43ab58c330d2c1cc87ea2e58cb058698e851ad840667bbaae7751bdb271	true:91ddd8983b95c56bb44df46165ca4382b52ed4e21d60a6e7b1d73201b916b0e7,true:3c663342b7a72ab28ab5ed29a313e985fd4a3bf297733a71f874d63793d79f73,true:d28d40e21814c4034c887e0c82de037e74592dca8cde4ee8b548ecdc23dee6ee
pre-base-construction-v33.sg11	33	fc68e7c06c4952b21633b41240b3f76863f077f298925dca69318fd9a48af92f	true	9eebb84eb0ee4a79c20209984fe027123b273a84a609b8faac47ffd8eecdf5d3	true:96d6c11fcf9f12f793c4476711e9a5580069d232bab14e4b571033f313c6458c,true:148c5028ac7dd8a38ebcee27d08abbe4b14aa0f34cb8ae297db0f6f7689f993d,true:703349df4341eefaa029525594dbfcc436f9d7bcd664f8b097779195185391d1
pre-merchant-r25-v34-art.sg11	34	6301ee3eeddb9112e54451a18c078c888651f0d188e6f1168465c7086cbb968c	true	2d3032fe124886f36e3dd8b48e49be107d5f9253392cc05368705a95ba49145e	true:b56c1d1a844f5cac4b52402372fe038164ac1777a2766643ab65627431c9c798,true:53f28279007be55e62b165a864f6006731594f275bc7761a69e5ea31cbda4b1c,true:d4323af8a8bafd144bc24a90569f9e4049d74af10cae060546807b56215f92e6
pre-merchant-r25-v34.sg11	34	6301ee3eeddb9112e54451a18c078c888651f0d188e6f1168465c7086cbb968c	true	2d3032fe124886f36e3dd8b48e49be107d5f9253392cc05368705a95ba49145e	true:b56c1d1a844f5cac4b52402372fe038164ac1777a2766643ab65627431c9c798,true:53f28279007be55e62b165a864f6006731594f275bc7761a69e5ea31cbda4b1c,true:d4323af8a8bafd144bc24a90569f9e4049d74af10cae060546807b56215f92e6
save-v32-central-native.sg11	32	9cbc59de8309b6549be0473aa0232fe14f2bc73ea0e87fafc5e79152a23d9e37	true	0ce95b5b2f159055a866e2134fe85d4da758411217bf709e043c6fd92586bafd	true:feba808420def48b2a0147d95b8a8b995dafebcf3f543249310bbfecfaebeac4,true:c6704ab60f8ac942268dfdda2ea842a0497b393c84dc31edf21ce38839a053a6,true:0524971698274de7d094256baa99542073d3ce29a19e009d49be0aa2806fe25c
fresh-legacy-coalition-190	37	d27e35367d103fee397cbf5bcad2e24494792e30d3e6a631e44f38f504f97478	true	8507d528d700f1089af0faf3188aa410c5df05edccf2a229239a2ba58717850c	true:5c9836c376463972ccfc0f80f83690118336d5afa251fa37c83d0a27b60ddd4c,true:cfab308e43cb594f1ef79fb2dd11dcf8a9854a755fc34565fb3a3abcda8fc0af,true:183adc64af1f83d2542522c4ada42e4401c99760bfb96910632d347027e38299
fresh-legacy-heroes-250	37	2d43545bdd9dbe310f066b2a745f290e3a6816610efd7f6781d5a275d544be6b	true	d0609da13183a8b6059ad8dd927a59957ddb72ac91e4787a5d4902f2a1752025	true:3c327f461f067278065684d2b52366861b3ac3e6066d638f06bc6127a9c5a165,true:116030f4bb514b7a0de6d444a116f5546975bd8c1c6848983b13be1f06d2533e,true:a95faf02983a9cfcd6d03218885c334fd91bcfdcfb3f9dc586a3649de15aa877
fresh-legacy-central-mobile-sandbox	37	da5307dc0ad1916adc23aec3b90de1538e82900468eb5cd12352df716817472a	true	44614f611ae91fac78032b90097c8775e9abb1d9249bf82165eecf3a896073df	true:16f94c2b6d56a84f9610128ca82d4e91ae5014c955cbd29561b2e00c3f60e0d6,true:80db876bcbc97a5e5e2ee9ec5a9a4e6cdbee35531ff17e71fc41d06a1a1ae2a9,true:0e87456aedd6c482f562f046848f65d249822ff234864a3f54f02eb930b6350b
