grid129/pre-gate-plank.sg11	33	023b2bb02bc7dce50c6d945e6503755345a964dbc9f82fb7752b44e6237cdd06	true	85a7e38ab111cd1492e31ce0df3803d7a0c18f465bd2bd0da955ae88abedbe01	true:ee22623571552802ecae26d1a183cd980b218dfc8900217923ae65c6b94dc4af,true:e14e93844cb467d121dd245ffdea2551d595cd50a67e805c5a5786cd1145a15f,true:43b456aa3ff4350c0444725a5998984f9791240ceddd080db00a99325a3940dc
legacy-market-v35/art/central-mobile-sandbox.sg11	35	0926b2fe1b4783abdf229b8a3b9ae18ac7126acf65d41ee1699d4326f7ee3abc	true	13d9ed59319cb1a99dc604979e00d73c4765f7220f531e5eb96198abcb3f678c	true:39fba16db1b5699ceedd1fcb5820318886e37719c7172fc3f92c8e7d2e9e2516,true:498bdfea2dd36fa20cef07194cf9b1b42cea851b1a45d966c714b2c1ec796fd5,true:376e3acf84f56dba00d84f0a5b5068328806fc076f0906ed54ee79c86def73f7
legacy-market-v35/art/chibi-207.sg11	35	0e9fe8c2f50dcfcdce0d95a44f56a17841078897e2cf4aaa447ddc6edfcd5075	true	8e253b46e7237849f9e074acd5bb7f36ce2f3ad9d88cc3a10bdba69358a86691	true:63a9cfdaeaf5beae62490dbf0b424cb35110e27138943b2548a181b61fee8104,true:8925092e4f21c7914a7b423f07f561291507ddfd507fe099ed0f3f5372ad1d99,true:068cf04fe3dba4f9b65bc144e3c1bbe7abf7062ffc739dc97915225e6837a188
legacy-market-v35/art/coalition-190.sg11	35	11b5e28baac6a7c2e88c0a5455a31e2b28d918db693d60785e7e7f03d45d07dd	true	f08c11873aff54588a1779b1ca8464c4603c062e064e3008b5058f84db115f10	true:b60f0ffa79ee4090711a899ebfcc35db4c80432abf7cef82e8e45bc546a8e4de,true:0c015402a4d074db2a591f5c22be18aa2952e09fea84b96b9081f1529554412d,true:4069a98e8d0c8c92dc240837a4fec9d8e02a957b7f1a2bfdf34a51ec9982fc8c
legacy-market-v35/art/guandu-200.sg11	35	4d5154bf03f940208beaa3c745e9a349b89d5174a006fba9c3c985c07afd2213	true	655155f4421e2fcf20c204c15b1ad16ef238e6e90ebf605b3934e8a65ed02448	true:7a9a9466ce57c2572461710eeb47cca0a523d88c2e99ffb113be9a8759b51d6a,true:4ca49b3b754b9c19c1b0135b714d3f9ac048c7e08b9935c442e9d8a1a2a3d95a,true:e12c3b71b73481f4ec463b23d10d6055e15b9b741daf9bbf20db20290d9021a3
legacy-market-v35/art/heroes-250.sg11	35	a3e455f8d09312c423f0c76fbf74f8eb24f12a64c33fda3eadddc527fa6f43dc	true	3c8a2f8e6d4ee3dd90a25b71c62df322fd81d31a2749a9eb259011e4374f37f5	true:985ae30a3e1ad3c89c9103a2bdf42d19b14ba7d2addd543bf67df3cceca8aed8,true:73a07903ced16fd1c0234cffa06e54c3a7c80369561216679ab0141d8a7848c7,true:48a8d1ed947b7e8c8e7207aa683a2d70366e5af8a274ddbc2b535c840c47ccfb
legacy-market-v35/art/heroes-mobile-sandbox.sg11	35	220c921bf6742d2a0c4bebd20a2ef9d7a901a63527c141fe022696c3e1f04a13	true	0165e6938d137ea610522bef65d64e3982d7951ce7155348ba5797cd896bd606	true:1d57871589a284f866ba9e94683f7fcc5c1c47f77f5f5e2ca17defc7546779f3,true:30e51b2adb7e81fa740b795eeb4296218135f3531e01412b79283ff27312d09e,true:cb7b630799c2f5e30c5e86cd9def5bdd1d87c7933f666daf0d13104cdaca9f0c
legacy-market-v35/art/huangjin-184.sg11	35	40e219dc5f28b3287a340275f43dd1c9d0d6a2965c0f521edd6661f3e52259e4	true	b71f559f685aeaef0914804f23f88864dd6e717430f37f72881683fd17f16acc	true:135902abc868476e58a8a191dad74c0408b75314d2f1ba013b1fafc4301bed27,true:dbc48af77253500bb1929f943732640443486d371d5672dabf5ae781cd0bcb77,true:789ab9aaae60785a88f83ebc7d5bd32dc7b714d237f237e8c11670b1dfd5618d
legacy-market-v35/art/jingxiang-mobile-sandbox.sg11	35	b64f1d2ea052fdc461ab5fad5a71bde58402bb7d3942d28162b556ba1e540da0	true	76a9070bd620c236355c0e99f8fb953e10bb23bd5a148e34d99711fee3215832	true:99ff4cdc21d21300bc3536371ccaca274e39f8a8de409b783b9959bcaacb7f58,true:fbbb55ea6b2d5512822568f872aa7a5317dc0f0fac2d1fc030345e6402d539b7,true:e60946664b22b2daf5e1a937af1c300ed2f90ca70da2691a4f687c8941e5a7bc
legacy-market-v35/art/warlords-194.sg11	35	740afbdf98e59db9191f65966e401925d93a5c98a93bf3a5c53fa8b8fe9a0f1d	true	b093a32bb3b128d860c958aaf0234093711d645c3a8e0ecd4869849d68ad695e	true:b415a573d546a5d28e4290353fb1812bbd69b0199e22629b01093cc491414dd1,true:8de2644a52efe3421cc88565b3ee11ae756501ce1b238fd0624d21e57e73ad2a,true:4901c6f5c16fed7de2f95b69071598a4d3204f36058a8e82ca006cfc544bcff1
legacy-market-v35/host/central-mobile-sandbox.sg11	35	0926b2fe1b4783abdf229b8a3b9ae18ac7126acf65d41ee1699d4326f7ee3abc	true	13d9ed59319cb1a99dc604979e00d73c4765f7220f531e5eb96198abcb3f678c	true:39fba16db1b5699ceedd1fcb5820318886e37719c7172fc3f92c8e7d2e9e2516,true:498bdfea2dd36fa20cef07194cf9b1b42cea851b1a45d966c714b2c1ec796fd5,true:376e3acf84f56dba00d84f0a5b5068328806fc076f0906ed54ee79c86def73f7
legacy-market-v35/host/chibi-207.sg11	35	0e9fe8c2f50dcfcdce0d95a44f56a17841078897e2cf4aaa447ddc6edfcd5075	true	8e253b46e7237849f9e074acd5bb7f36ce2f3ad9d88cc3a10bdba69358a86691	true:63a9cfdaeaf5beae62490dbf0b424cb35110e27138943b2548a181b61fee8104,true:8925092e4f21c7914a7b423f07f561291507ddfd507fe099ed0f3f5372ad1d99,true:068cf04fe3dba4f9b65bc144e3c1bbe7abf7062ffc739dc97915225e6837a188
legacy-market-v35/host/coalition-190.sg11	35	11b5e28baac6a7c2e88c0a5455a31e2b28d918db693d60785e7e7f03d45d07dd	true	f08c11873aff54588a1779b1ca8464c4603c062e064e3008b5058f84db115f10	true:b60f0ffa79ee4090711a899ebfcc35db4c80432abf7cef82e8e45bc546a8e4de,true:0c015402a4d074db2a591f5c22be18aa2952e09fea84b96b9081f1529554412d,true:4069a98e8d0c8c92dc240837a4fec9d8e02a957b7f1a2bfdf34a51ec9982fc8c
legacy-market-v35/host/guandu-200.sg11	35	4d5154bf03f940208beaa3c745e9a349b89d5174a006fba9c3c985c07afd2213	true	655155f4421e2fcf20c204c15b1ad16ef238e6e90ebf605b3934e8a65ed02448	true:7a9a9466ce57c2572461710eeb47cca0a523d88c2e99ffb113be9a8759b51d6a,true:4ca49b3b754b9c19c1b0135b714d3f9ac048c7e08b9935c442e9d8a1a2a3d95a,true:e12c3b71b73481f4ec463b23d10d6055e15b9b741daf9bbf20db20290d9021a3
legacy-market-v35/host/heroes-250.sg11	35	a3e455f8d09312c423f0c76fbf74f8eb24f12a64c33fda3eadddc527fa6f43dc	true	3c8a2f8e6d4ee3dd90a25b71c62df322fd81d31a2749a9eb259011e4374f37f5	true:985ae30a3e1ad3c89c9103a2bdf42d19b14ba7d2addd543bf67df3cceca8aed8,true:73a07903ced16fd1c0234cffa06e54c3a7c80369561216679ab0141d8a7848c7,true:48a8d1ed947b7e8c8e7207aa683a2d70366e5af8a274ddbc2b535c840c47ccfb
legacy-market-v35/host/heroes-mobile-sandbox.sg11	35	220c921bf6742d2a0c4bebd20a2ef9d7a901a63527c141fe022696c3e1f04a13	true	0165e6938d137ea610522bef65d64e3982d7951ce7155348ba5797cd896bd606	true:1d57871589a284f866ba9e94683f7fcc5c1c47f77f5f5e2ca17defc7546779f3,true:30e51b2adb7e81fa740b795eeb4296218135f3531e01412b79283ff27312d09e,true:cb7b630799c2f5e30c5e86cd9def5bdd1d87c7933f666daf0d13104cdaca9f0c
legacy-market-v35/host/huangjin-184.sg11	35	40e219dc5f28b3287a340275f43dd1c9d0d6a2965c0f521edd6661f3e52259e4	true	b71f559f685aeaef0914804f23f88864dd6e717430f37f72881683fd17f16acc	true:135902abc868476e58a8a191dad74c0408b75314d2f1ba013b1fafc4301bed27,true:dbc48af77253500bb1929f943732640443486d371d5672dabf5ae781cd0bcb77,true:789ab9aaae60785a88f83ebc7d5bd32dc7b714d237f237e8c11670b1dfd5618d
legacy-market-v35/host/jingxiang-mobile-sandbox.sg11	35	b64f1d2ea052fdc461ab5fad5a71bde58402bb7d3942d28162b556ba1e540da0	true	76a9070bd620c236355c0e99f8fb953e10bb23bd5a148e34d99711fee3215832	true:99ff4cdc21d21300bc3536371ccaca274e39f8a8de409b783b9959bcaacb7f58,true:fbbb55ea6b2d5512822568f872aa7a5317dc0f0fac2d1fc030345e6402d539b7,true:e60946664b22b2daf5e1a937af1c300ed2f90ca70da2691a4f687c8941e5a7bc
legacy-market-v35/host/warlords-194.sg11	35	740afbdf98e59db9191f65966e401925d93a5c98a93bf3a5c53fa8b8fe9a0f1d	true	b093a32bb3b128d860c958aaf0234093711d645c3a8e0ecd4869849d68ad695e	true:b415a573d546a5d28e4290353fb1812bbd69b0199e22629b01093cc491414dd1,true:8de2644a52efe3421cc88565b3ee11ae756501ce1b238fd0624d21e57e73ad2a,true:4901c6f5c16fed7de2f95b69071598a4d3204f36058a8e82ca006cfc544bcff1
legacy-production-v36/coalition-190-art-reencoded-by-host-v36.sg11	36	4178c8b1e67b834f1eb1cdea3f5f1b233746046f0c849b5365a8b0ac3bed8dc9	true	b009ff3c801f57ade19b38c26f598f639ec062381d4f753d63ed80e5ea7000e5	true:4dff41be9c85a4c91fb37e2d7cca2984201d1d89af3e273ca85aa0f0fd3f2214,true:3ae4ba67876979faa32565d3c6d30de7265f9a5a85eb40d96265ca74896c0c0f,true:1d016950eb592b6d3b5e4a2d3423329cf960b9586ffb10977b16da0b3af299e3
legacy-production-v36/coalition-190-art.sg11	36	4178c8b1e67b834f1eb1cdea3f5f1b233746046f0c849b5365a8b0ac3bed8dc9	true	b009ff3c801f57ade19b38c26f598f639ec062381d4f753d63ed80e5ea7000e5	true:4dff41be9c85a4c91fb37e2d7cca2984201d1d89af3e273ca85aa0f0fd3f2214,true:3ae4ba67876979faa32565d3c6d30de7265f9a5a85eb40d96265ca74896c0c0f,true:1d016950eb592b6d3b5e4a2d3423329cf960b9586ffb10977b16da0b3af299e3
legacy-production-v36/coalition-190-host.sg11	36	4178c8b1e67b834f1eb1cdea3f5f1b233746046f0c849b5365a8b0ac3bed8dc9	true	b009ff3c801f57ade19b38c26f598f639ec062381d4f753d63ed80e5ea7000e5	true:4dff41be9c85a4c91fb37e2d7cca2984201d1d89af3e273ca85aa0f0fd3f2214,true:3ae4ba67876979faa32565d3c6d30de7265f9a5a85eb40d96265ca74896c0c0f,true:1d016950eb592b6d3b5e4a2d3423329cf960b9586ffb10977b16da0b3af299e3
pc-officer-legacy-am-art.sg11	33	a5ae1bfb12543d533fcfe73a30966cf3333b7147dce811b474793e4f38c1812a	true	f847403df9f497d1b6b1b157ff551148d4386e877a776569f6be24a3c3bcfc6d	true:fc9b4fd8dd53af87f1210fe64807a860992cd078b7b019d202d7f4e417477353,true:08171095de38f3bdcc9dd19149d1f34d0aad0807dbc3bf7d1f7bc773bbb9982d,true:7f0300140dd3c7ff1bfa25ef917d00550933a484a19a305d9afc3b6d7764a49f
pc-officer-legacy-am.sg11	33	a5ae1bfb12543d533fcfe73a30966cf3333b7147dce811b474793e4f38c1812a	true	f847403df9f497d1b6b1b157ff551148d4386e877a776569f6be24a3c3bcfc6d	true:fc9b4fd8dd53af87f1210fe64807a860992cd078b7b019d202d7f4e417477353,true:08171095de38f3bdcc9dd19149d1f34d0aad0807dbc3bf7d1f7bc773bbb9982d,true:7f0300140dd3c7ff1bfa25ef917d00550933a484a19a305d9afc3b6d7764a49f
pre-atomic-ship-cargo-v33.sg11	33	c23d7aaf0be1dc0637b62ebfa39ed27562ff8d635d771bc032992ed5799e617b	true	90b1d1b0b54972338ebd9c974c7a5d08d036da59b7ee85ba593f3a559ae440bf	true:d182dc0e08cd0329ba7a92f5f6c25bf6e94149cd3dfcce61c700e1e7bd6c99c0,true:7ce7c52b3c2fffa631ae7c98ffbd28d80a2e2b077234416da59fffbca1490b80,true:c3e5d59f12ee16b84e3af805f15bdee07570e55b3d84bc8c2c774aeb025efc80
pre-base-construction-v33.sg11	33	fc68e7c06c4952b21633b41240b3f76863f077f298925dca69318fd9a48af92f	true	f5db50c0dbaeba1007d5e7e444eaa55aa86337c6f8f5ca2386fac16da8d6a3ac	true:7904f8f2a283149028d6781a05ecd25c714ce01fd4a02300787b325093c50d8b,true:e70c090b72929b5a2690c30998f6369acf3a7bb2e29a6a2f2892d077a214dd1c,true:2d580b7e627458790f923a70ad6b18f24b3856e07787286a177c53e8a85fba3b
pre-merchant-r25-v34-art.sg11	34	6301ee3eeddb9112e54451a18c078c888651f0d188e6f1168465c7086cbb968c	true	2d3032fe124886f36e3dd8b48e49be107d5f9253392cc05368705a95ba49145e	true:b56c1d1a844f5cac4b52402372fe038164ac1777a2766643ab65627431c9c798,true:53f28279007be55e62b165a864f6006731594f275bc7761a69e5ea31cbda4b1c,true:d4323af8a8bafd144bc24a90569f9e4049d74af10cae060546807b56215f92e6
pre-merchant-r25-v34.sg11	34	6301ee3eeddb9112e54451a18c078c888651f0d188e6f1168465c7086cbb968c	true	2d3032fe124886f36e3dd8b48e49be107d5f9253392cc05368705a95ba49145e	true:b56c1d1a844f5cac4b52402372fe038164ac1777a2766643ab65627431c9c798,true:53f28279007be55e62b165a864f6006731594f275bc7761a69e5ea31cbda4b1c,true:d4323af8a8bafd144bc24a90569f9e4049d74af10cae060546807b56215f92e6
save-v32-central-native.sg11	32	9cbc59de8309b6549be0473aa0232fe14f2bc73ea0e87fafc5e79152a23d9e37	true	b3b728bc78e74fd844cb82c55f88f5c4b792fe8d1c85c30885032cbffd852210	true:a4ce7db06208f2bb88fbc9365dbf65e14cb4829a3a8b934cf5a8e0ee8b7bffbc,true:b64776410d0b44f447d6100491ae855a6c0e4502f0c714f63a6f3e6102a354ae,true:ce49b807e973d40ca74d0abddcc42a49024ac848e85bede9f2e985a689d3a703
fresh-legacy-coalition-190	37	d27e35367d103fee397cbf5bcad2e24494792e30d3e6a631e44f38f504f97478	true	8507d528d700f1089af0faf3188aa410c5df05edccf2a229239a2ba58717850c	true:5c9836c376463972ccfc0f80f83690118336d5afa251fa37c83d0a27b60ddd4c,true:cfab308e43cb594f1ef79fb2dd11dcf8a9854a755fc34565fb3a3abcda8fc0af,true:183adc64af1f83d2542522c4ada42e4401c99760bfb96910632d347027e38299
fresh-legacy-heroes-250	37	2d43545bdd9dbe310f066b2a745f290e3a6816610efd7f6781d5a275d544be6b	true	d0609da13183a8b6059ad8dd927a59957ddb72ac91e4787a5d4902f2a1752025	true:3c327f461f067278065684d2b52366861b3ac3e6066d638f06bc6127a9c5a165,true:116030f4bb514b7a0de6d444a116f5546975bd8c1c6848983b13be1f06d2533e,true:a95faf02983a9cfcd6d03218885c334fd91bcfdcfb3f9dc586a3649de15aa877
fresh-legacy-central-mobile-sandbox	37	da5307dc0ad1916adc23aec3b90de1538e82900468eb5cd12352df716817472a	true	44614f611ae91fac78032b90097c8775e9abb1d9249bf82165eecf3a896073df	true:16f94c2b6d56a84f9610128ca82d4e91ae5014c955cbd29561b2e00c3f60e0d6,true:80db876bcbc97a5e5e2ee9ec5a9a4e6cdbee35531ff17e71fc41d06a1a1ae2a9,true:0e87456aedd6c482f562f046848f65d249822ff234864a3f54f02eb930b6350b
